Seq	EP	EP_norm
AAAAA	-10.1	0.39435028200000005
CAAAA	-8.76	0.545762712
GAAAA	-9.65	0.44519774
TAAAA	-8.39	0.587570621
NAAAA	-9.225	0.49322033875000004
ACAAA	-7.86	0.647457627
CCAAA	-7.64	0.672316384
GCAAA	-7.8	0.6542372879999999
TCAAA	-7.57	0.6802259890000001
NCAAA	-7.7175	0.663559322
AGAAA	-8.05	0.625988701
CGAAA	-8.32	0.5954802260000001
GGAAA	-8.22	0.606779661
TGAAA	-7.56	0.681355932
NGAAA	-8.037500000000001	0.62740113
ATAAA	-7.46	0.6926553670000001
CTAAA	-6.93	0.7525423729999999
GTAAA	-7.24	0.717514124
TTAAA	-7.41	0.698305085
NTAAA	-7.260000000000001	0.71525423725
ANAAA	-8.3675	0.5901129942500001
CNAAA	-7.9125	0.64152542375
GNAAA	-8.227500000000001	0.60593220325
TNAAA	-7.7325	0.66186440675
NNAAA	-8.059999999999999	0.624858757
AACAA	-6.22	0.832768362
CACAA	-5.43	0.922033898
GACAA	-5.56	0.907344633
TACAA	-5.23	0.944632768
NACAA	-5.609999999999999	0.90169491525
ACCAA	-5.8	0.880225989
CCCAA	-5.39	0.926553672
GCCAA	-5.24	0.943502825
TCCAA	-5.65	0.897175141
NCCAA	-5.52	0.91186440675
AGCAA	-5.93	0.865536723
CGCAA	-5.2	0.9480225990000001
GGCAA	-5.51	0.91299435
TGCAA	-5.27	0.940112994
NGCAA	-5.4775	0.9166666665000001
ATCAA	-5.64	0.898305085
CTCAA	-5.39	0.926553672
GTCAA	-5.27	0.940112994
TTCAA	-5.63	0.899435028
NTCAA	-5.482499999999999	0.91610169475
ANCAA	-5.8975	0.86920903975
CNCAA	-5.3525	0.93079096025
GNCAA	-5.3950000000000005	0.9259887005
TNCAA	-5.444999999999999	0.92033898275
NNCAA	-5.522499999999999	0.9115819208125
AAGAA	-6.03	0.854237288
CAGAA	-5.96	0.862146893
GAGAA	-6.16	0.839548023
TAGAA	-5.52	0.911864407
NAGAA	-5.9174999999999995	0.86694915275
ACGAA	-5.3	0.9367231640000001
CCGAA	-5.29	0.937853107
GCGAA	-5.38	0.9276836159999999
TCGAA	-5.31	0.93559322
NCGAA	-5.319999999999999	0.93446327675
AGGAA	-5.71	0.89039548
CGGAA	-5.73	0.888135593
GGGAA	-5.5	0.9141242940000001
TGGAA	-5.75	0.885875706
NGGAA	-5.6725	0.8946327682499999
ATGAA	-5.57	0.906214689
CTGAA	-5.01	0.969491525
GTGAA	-5.32	0.934463277
TTGAA	-5.63	0.899435028
NTGAA	-5.3825	0.92740112975
ANGAA	-5.6525	0.8968926552500001
CNGAA	-5.4975000000000005	0.9144067795
GNGAA	-5.59	0.9039548024999999
TNGAA	-5.552499999999999	0.90819209025
NNGAA	-5.573125000000001	0.905861581875
AATAA	-7.48	0.69039548
CATAA	-6.88	0.75819209
GATAA	-7.18	0.724293785
TATAA	-6.76	0.7717514120000001
NATAA	-7.074999999999999	0.73615819175
ACTAA	-6.95	0.7502824859999999
CCTAA	-6.85	0.761581921
GCTAA	-6.93	0.7525423729999999
TCTAA	-6.73	0.775141243
NCTAA	-6.865	0.75988700575
AGTAA	-7.46	0.6926553670000001
CGTAA	-6.77	0.7706214690000001
GGTAA	-7.44	0.6949152540000001
TGTAA	-6.87	0.7593220340000001
NGTAA	-7.135000000000001	0.729378531
ATTAA	-7.47	0.691525424
CTTAA	-7.24	0.717514124
GTTAA	-7.16	0.726553672
TTTAA	-7.41	0.698305085
NTTAA	-7.32	0.70847457625
ANTAA	-7.34	0.70621468925
CNTAA	-6.9350000000000005	0.751977401
GNTAA	-7.1775	0.724576271
TNTAA	-6.9425	0.7511299435000001
NNTAA	-7.09875	0.7334745761874999
AANAA	-7.4575000000000005	0.692937853
CANAA	-6.757499999999999	0.77203389825
GANAA	-7.1375	0.7290960452499999
TANAA	-6.475	0.803954802
NANAA	-6.956874999999999	0.749505649625
ACNAA	-6.4775	0.8036723164999999
CCNAA	-6.2925	0.824576271
GCNAA	-6.3374999999999995	0.8194915254999999
TCNAA	-6.315	0.82203389825
NCNAA	-6.355625000000001	0.8174435028125
AGNAA	-6.7875000000000005	0.76864406775
CGNAA	-6.505	0.80056497175
GGNAA	-6.6675	0.78220338975
TGNAA	-6.3625	0.8166666665
NGNAA	-6.5806249999999995	0.7920197739375
ATNAA	-6.535	0.79717514125
CTNAA	-6.1425	0.8415254235
GTNAA	-6.2475	0.82966101675
TTNAA	-6.52	0.7988700565
NTNAA	-6.361249999999999	0.8168079095
ANNAA	-6.814374999999999	0.765607344625
CNNAA	-6.4243749999999995	0.8096751411249998
GNNAA	-6.5975	0.7901129943125
TNNAA	-6.418125000000001	0.8103813558124999
NNNAA	-6.563593750000001	0.7939442089687501
AAACA	-8.05	0.625988701
CAACA	-7.46	0.6926553670000001
GAACA	-7.98	0.633898305
TAACA	-7.45	0.693785311
NAACA	-7.735	0.661581921
ACACA	-6.78	0.769491525
CCACA	-6.57	0.7932203390000001
GCACA	-6.5	0.801129944
TCACA	-6.63	0.786440678
NCACA	-6.62	0.7875706215
AGACA	-7.28	0.71299435
CGACA	-7.15	0.727683616
GGACA	-7.24	0.717514124
TGACA	-7.12	0.7310734459999999
NGACA	-7.197500000000001	0.722316384
ATACA	-6.9	0.755932203
CTACA	-6.73	0.775141243
GTACA	-6.58	0.792090395
TTACA	-6.87	0.7593220340000001
NTACA	-6.7700000000000005	0.77062146875
ANACA	-7.252500000000001	0.71610169475
CNACA	-6.9775	0.7471751412500001
GNACA	-7.074999999999999	0.736158192
TNACA	-7.0175	0.74265536725
NNACA	-7.080625000000001	0.7355225988125002
AACCA	-6.24	0.830508475
CACCA	-5.36	0.929943503
GACCA	-5.62	0.9005649720000001
TACCA	-5.4	0.925423729
NACCA	-5.655000000000001	0.89661016975
ACCCA	-5.67	0.894915254
CCCCA	-5.39	0.926553672
GCCCA	-5.57	0.906214689
TCCCA	-5.54	0.90960452
NCCCA	-5.5424999999999995	0.9093220337500001
AGCCA	-6.02	0.855367232
CGCCA	-5.16	0.952542373
GGCCA	-5.35	0.931073446
TGCCA	-5.21	0.946892655
NGCCA	-5.4350000000000005	0.9214689265
ATCCA	-5.61	0.901694915
CTCCA	-5.61	0.901694915
GTCCA	-5.41	0.924293785
TTCCA	-5.75	0.885875706
NTCCA	-5.595000000000001	0.9033898302500001
ANCCA	-5.885	0.870621469
CNCCA	-5.38	0.9276836157499999
GNCCA	-5.4875	0.9155367230000001
TNCCA	-5.4750000000000005	0.9169491525
NNCCA	-5.556875	0.9076977400624999
AAGCA	-5.99	0.858757062
CAGCA	-5.22	0.9457627120000001
GAGCA	-5.61	0.901694915
TAGCA	-5.25	0.9423728809999999
NAGCA	-5.5175	0.9121468925
ACGCA	-4.74	1.0
CCGCA	-4.82	0.990960452
GCGCA	-4.75	0.9988700559999999
TCGCA	-4.84	0.988700565
NCGCA	-4.7875	0.99463276825
AGGCA	-5.2	0.9480225990000001
CGGCA	-5.05	0.964971751
GGGCA	-5.16	0.952542373
TGGCA	-5.21	0.946892655
NGGCA	-5.155	0.9531073445
ATGCA	-5.1	0.959322034
CTGCA	-5.0	0.970621469
GTGCA	-4.97	0.974011299
TTGCA	-5.27	0.940112994
NTGCA	-5.085	0.9610169490000001
ANGCA	-5.2575	0.94152542375
CNGCA	-5.0225	0.9680790960000001
GNGCA	-5.1225	0.9567796607499999
TNGCA	-5.1425	0.9545197737500001
NNGCA	-5.1362499999999995	0.9552259885625
AATCA	-8.06	0.624858757
CATCA	-7.34	0.7062146890000001
GATCA	-7.84	0.649717514
TATCA	-7.24	0.717514124
NATCA	-7.620000000000001	0.6745762710000001
ACTCA	-7.4	0.699435028
CCTCA	-6.99	0.745762712
GCTCA	-7.07	0.736723164
TCTCA	-7.09	0.734463277
NCTCA	-7.1375	0.72909604525
AGTCA	-7.61	0.675706215
CGTCA	-7.05	0.738983051
GGTCA	-7.65	0.6711864409999999
TGTCA	-7.12	0.7310734459999999
NGTCA	-7.357500000000001	0.7042372882499999
ATTCA	-7.69	0.666666667
CTTCA	-7.47	0.691525424
GTTCA	-7.41	0.698305085
TTTCA	-7.56	0.681355932
NTTCA	-7.5325	0.6844632770000001
ANTCA	-7.69	0.66666666675
CNTCA	-7.2124999999999995	0.720621469
GNTCA	-7.492500000000001	0.688983051
TNTCA	-7.2524999999999995	0.7161016947500001
NNTCA	-7.411875	0.6980932203749999
AANCA	-7.085000000000001	0.7350282487500001
CANCA	-6.345	0.81864406775
GANCA	-6.7625	0.7714689264999999
TANCA	-6.335000000000001	0.8197740112499999
NANCA	-6.631875	0.7862288135625002
ACNCA	-6.147499999999999	0.84096045175
CCNCA	-5.942500000000001	0.86412429375
GCNCA	-5.9725	0.86073446325
TCNCA	-6.0249999999999995	0.85480226
NCNCA	-6.021875	0.8551553671875
AGNCA	-6.5275	0.798022599
CGNCA	-6.1025	0.84604519775
GGNCA	-6.35	0.818079096
TGNCA	-6.165	0.8389830505
NGNCA	-6.28625	0.8252824858124999
ATNCA	-6.325	0.82090395475
CTNCA	-6.2025	0.83474576275
GTNCA	-6.0925	0.847175141
TTNCA	-6.3625	0.8166666665
NTNCA	-6.245625	0.82987288125
ANNCA	-6.521250000000001	0.7987288135624999
CNNCA	-6.148125	0.8408898304999999
GNNCA	-6.2943750000000005	0.8243644066875001
TNNCA	-6.221875	0.8325564970625
NNNCA	-6.29640625	0.8241348869531252
AAAGA	-8.79	0.542372881
CAAGA	-7.69	0.666666667
GAAGA	-7.96	0.636158192
TAAGA	-7.75	0.659887006
NAAGA	-8.0475	0.6262711865
ACAGA	-7.09	0.734463277
CCAGA	-6.68	0.78079096
GCAGA	-6.55	0.7954802259999999
TCAGA	-6.97	0.748022599
NCAGA	-6.8225	0.7646892655
AGAGA	-7.34	0.7062146890000001
CGAGA	-7.13	0.729943503
GGAGA	-7.26	0.715254237
TGAGA	-7.09	0.734463277
NGAGA	-7.204999999999999	0.7214689265
ATAGA	-6.96	0.749152542
CTAGA	-6.63	0.786440678
GTAGA	-6.72	0.7762711859999999
TTAGA	-6.73	0.775141243
NTAGA	-6.76	0.77175141225
ANAGA	-7.545	0.6830508472500001
CNAGA	-7.0325	0.7409604519999999
GNAGA	-7.1225	0.7307909602499999
TNAGA	-7.135	0.7293785312500001
NNAGA	-7.208749999999999	0.7210451976875001
AACGA	-5.64	0.898305085
CACGA	-5.22	0.9457627120000001
GACGA	-5.3	0.9367231640000001
TACGA	-4.99	0.971751412
NACGA	-5.2875	0.9381355932500001
ACCGA	-5.09	0.9604519770000001
CCCGA	-5.22	0.9457627120000001
GCCGA	-5.23	0.944632768
TCCGA	-5.1	0.959322034
NCCGA	-5.16	0.95254237275
AGCGA	-5.16	0.952542373
CGCGA	-4.75	0.9988700559999999
GGCGA	-5.06	0.963841808
TGCGA	-4.84	0.988700565
NGCGA	-4.9525	0.9759887005000001
ATCGA	-5.43	0.922033898
CTCGA	-4.91	0.98079096
GTCGA	-5.03	0.967231638
TTCGA	-5.31	0.93559322
NTCGA	-5.17	0.951412429
ANCGA	-5.33	0.93333333325
CNCGA	-5.025	0.96779661
GNCGA	-5.155	0.9531073444999999
TNCGA	-5.06	0.9638418077500001
NNCGA	-5.1425	0.954519773875
AAGGA	-6.03	0.854237288
CAGGA	-5.52	0.911864407
GAGGA	-5.52	0.911864407
TAGGA	-5.67	0.894915254
NAGGA	-5.6850000000000005	0.893220339
ACGGA	-5.19	0.949152542
CCGGA	-4.9	0.9819209040000001
GCGGA	-5.2	0.9480225990000001
TCGGA	-5.1	0.959322034
NCGGA	-5.0975	0.95960451975
AGGGA	-5.38	0.9276836159999999
CGGGA	-5.44	0.920903955
GGGGA	-5.29	0.937853107
TGGGA	-5.54	0.90960452
NGGGA	-5.4125	0.9240112995
ATGGA	-5.3	0.9367231640000001
CTGGA	-5.28	0.9389830509999999
GTGGA	-5.25	0.9423728809999999
TTGGA	-5.65	0.897175141
NTGGA	-5.37	0.92881355925
ANGGA	-5.4750000000000005	0.9169491525
CNGGA	-5.285	0.9384180792500001
GNGGA	-5.3149999999999995	0.9350282485
TNGGA	-5.49	0.9152542372500001
NNGGA	-5.391250000000001	0.926412429375
AATGA	-8.13	0.616949153
CATGA	-6.82	0.7649717509999999
GATGA	-7.57	0.6802259890000001
TATGA	-6.76	0.7717514120000001
NATGA	-7.32	0.70847457625
ACTGA	-6.81	0.766101695
CCTGA	-6.99	0.745762712
GCTGA	-6.7	0.778531073
TCTGA	-6.97	0.748022599
NCTGA	-6.8675	0.75960451975
AGTGA	-7.2	0.722033898
CGTGA	-6.73	0.775141243
GGTGA	-6.98	0.746892655
TGTGA	-6.63	0.786440678
NGTGA	-6.885	0.7576271185
ATTGA	-7.28	0.71299435
CTTGA	-7.32	0.708474576
GTTGA	-7.09	0.734463277
TTTGA	-7.57	0.6802259890000001
NTTGA	-7.315	0.709039548
ANTGA	-7.355	0.704519774
CNTGA	-6.965	0.7485875704999999
GNTGA	-7.085	0.7350282485
TNTGA	-6.9825	0.7466101695
NNTGA	-7.096875000000001	0.7336864406250001
AANGA	-7.147500000000001	0.7279661017500001
CANGA	-6.3125	0.82231638425
GANGA	-6.5875	0.7912429380000001
TANGA	-6.2925	0.8245762710000001
NANGA	-6.585	0.79152542375
ACNGA	-6.045	0.85254237275
CCNGA	-5.9475	0.8635593220000001
GCNGA	-5.92	0.8666666665
TCNGA	-6.035	0.8536723165
NCNGA	-5.9868749999999995	0.8591101694375
AGNGA	-6.27	0.8271186439999999
CGNGA	-6.0125	0.85621468925
GGNGA	-6.1475	0.84096045175
TGNGA	-6.0249999999999995	0.85480226
NGNGA	-6.1137500000000005	0.84477401125
ATNGA	-6.242500000000001	0.8302259885000001
CTNGA	-6.035	0.85367231625
GTNGA	-6.0225	0.8550847455
TTNGA	-6.3149999999999995	0.8220338982500001
NTNGA	-6.1537500000000005	0.8402542371250001
ANNGA	-6.42625	0.8094632767500001
CNNGA	-6.076874999999999	0.8489406779374999
GNNGA	-6.1693750000000005	0.8384887004375
TNNGA	-6.166875000000001	0.8387711864375001
NNNGA	-6.209843749999999	0.8339159603906254
AAATA	-8.51	0.574011299
CAATA	-7.75	0.659887006
GAATA	-8.08	0.62259887
TAATA	-7.61	0.675706215
NAATA	-7.987499999999999	0.6330508475000001
ACATA	-7.31	0.70960452
CCATA	-6.63	0.786440678
GCATA	-6.64	0.7853107340000001
TCATA	-6.76	0.7717514120000001
NCATA	-6.834999999999999	0.7632768360000001
AGATA	-7.46	0.6926553670000001
CGATA	-7.12	0.7310734459999999
GGATA	-7.48	0.69039548
TGATA	-7.24	0.717514124
NGATA	-7.325000000000001	0.7079096042499999
ATATA	-6.79	0.768361582
CTATA	-6.87	0.7593220340000001
GTATA	-6.72	0.7762711859999999
TTATA	-6.76	0.7717514120000001
NTATA	-6.785	0.7689265534999999
ANATA	-7.5175	0.686158192
CNATA	-7.0925	0.734180791
GNATA	-7.2299999999999995	0.7186440675
TNATA	-7.092499999999999	0.7341807907500001
NNATA	-7.233125000000001	0.7182909603125002
AACTA	-6.41	0.811299435
CACTA	-5.23	0.944632768
GACTA	-5.5	0.9141242940000001
TACTA	-5.28	0.9389830509999999
NACTA	-5.605	0.902259887
ACCTA	-5.64	0.898305085
CCCTA	-5.42	0.923163842
GCCTA	-5.65	0.897175141
TCCTA	-5.67	0.894915254
NCCTA	-5.595000000000001	0.9033898304999999
AGCTA	-5.53	0.9107344629999999
CGCTA	-5.26	0.9412429379999999
GGCTA	-5.49	0.9152542370000001
TGCTA	-5.25	0.9423728809999999
NGCTA	-5.3825	0.92740112975
ATCTA	-5.6	0.9028248590000001
CTCTA	-5.27	0.940112994
GTCTA	-5.33	0.933333333
TTCTA	-5.52	0.911864407
NTCTA	-5.43	0.9220338982499999
ANCTA	-5.795	0.8807909604999999
CNCTA	-5.295	0.9372881355
GNCTA	-5.4925	0.91497175125
TNCTA	-5.43	0.9220338982499999
NNCTA	-5.503125	0.9137711863750001
AAGTA	-6.34	0.81920904
CAGTA	-5.36	0.929943503
GAGTA	-5.63	0.899435028
TAGTA	-5.28	0.9389830509999999
NAGTA	-5.6525	0.8968926555000001
ACGTA	-5.15	0.9536723159999999
CCGTA	-5.15	0.9536723159999999
GCGTA	-5.03	0.967231638
TCGTA	-4.99	0.971751412
NCGTA	-5.08	0.9615819205
AGGTA	-5.71	0.89039548
CGGTA	-5.28	0.9389830509999999
GGGTA	-5.5	0.9141242940000001
TGGTA	-5.4	0.925423729
NGGTA	-5.4725	0.9172316385000001
ATGTA	-5.43	0.922033898
CTGTA	-5.31	0.93559322
GTGTA	-5.08	0.961581921
TTGTA	-5.23	0.944632768
NTGTA	-5.262499999999999	0.94096045175
ANGTA	-5.6575	0.8963276835
CNGTA	-5.275	0.9395480224999999
GNGTA	-5.3100000000000005	0.93559322025
TNGTA	-5.225	0.94519774
NNGTA	-5.366875	0.9291666665625
AATTA	-8.38	0.588700565
CATTA	-7.85	0.648587571
GATTA	-7.95	0.637288136
TATTA	-7.61	0.675706215
NATTA	-7.9475	0.63757062175
ACTTA	-7.98	0.633898305
CCTTA	-7.66	0.670056497
GCTTA	-7.49	0.689265537
TCTTA	-7.75	0.659887006
NCTTA	-7.720000000000001	0.66327683625
AGTTA	-7.89	0.644067797
CGTTA	-7.51	0.68700565
GGTTA	-7.76	0.6587570620000001
TGTTA	-7.45	0.693785311
NGTTA	-7.652499999999999	0.670903955
ATTTA	-8.29	0.598870056
CTTTA	-8.13	0.616949153
GTTTA	-7.85	0.648587571
TTTTA	-8.39	0.587570621
NTTTA	-8.165000000000001	0.6129943502499999
ANTTA	-8.135	0.61638418075
CNTTA	-7.7875	0.65564971775
GNTTA	-7.762500000000001	0.6584745765
TNTTA	-7.8	0.65423728825
NNTTA	-7.871249999999999	0.6461864408125
AANTA	-7.41	0.69830508475
CANTA	-6.547499999999999	0.7957627119999999
GANTA	-6.79	0.768361582
TANTA	-6.445	0.807344633
NANTA	-6.798125	0.7674435029375
ACNTA	-6.5200000000000005	0.7988700565
CCNTA	-6.215000000000001	0.83333333325
GCNTA	-6.202500000000001	0.8347457625000001
TCNTA	-6.2925	0.8245762710000001
NCNTA	-6.307499999999999	0.8228813558125
AGNTA	-6.6475	0.7844632767499999
CGNTA	-6.2925	0.8245762712499999
GGNTA	-6.557499999999999	0.7946327682500001
TGNTA	-6.335	0.81977401125
NGNTA	-6.458125000000002	0.8058615818749999
ATNTA	-6.5275	0.79802259875
CTNTA	-6.395	0.8129943502500001
GTNTA	-6.245000000000001	0.82994350275
TTNTA	-6.475	0.803954802
NTNTA	-6.4106250000000005	0.8112288134375
ANNTA	-6.776249999999999	0.7699152541875001
CNNTA	-6.362499999999999	0.8166666666875
GNNTA	-6.44875	0.8069209038750002
TNNTA	-6.386875000000001	0.8139124293125
NNNTA	-6.493593750000001	0.8018538135156251
AAANA	-8.862499999999999	0.53418079075
CAANA	-7.915	0.641242938
GAANA	-8.4175	0.58446327675
TAANA	-7.8	0.6542372882499999
NAANA	-8.24875	0.6035310734375
ACANA	-7.26	0.71525423725
CCANA	-6.88	0.75819209025
GCANA	-6.8725000000000005	0.7590395480000001
TCANA	-6.9825	0.7466101695
NCANA	-6.99875	0.74477401125
AGANA	-7.532500000000001	0.68446327675
CGANA	-7.430000000000001	0.69604519775
GGANA	-7.55	0.6824858755
TGANA	-7.2524999999999995	0.71610169475
NGANA	-7.44125	0.6947740111875
ATANA	-7.0275	0.7415254235
CTANA	-6.79	0.768361582
GTANA	-6.8149999999999995	0.76553672275
TTANA	-6.942500000000001	0.7511299435
NTANA	-6.893750000000001	0.7566384179375002
ANANA	-7.670625	0.6688559320625
CNANA	-7.25375	0.715960452
GNANA	-7.41375	0.69788135575
TNANA	-7.244375000000001	0.7170197740000002
NNANA	-7.395625	0.6999293784531248
AACNA	-6.1275	0.8432203392500001
CACNA	-5.31	0.93559322025
GACNA	-5.495	0.9146892657500001
TACNA	-5.2250000000000005	0.94519774
NACNA	-5.539375	0.9096751413125
ACCNA	-5.55	0.90847457625
CCCNA	-5.355	0.9305084745000001
GCCNA	-5.422499999999999	0.92288135575
TCCNA	-5.49	0.9152542372500001
NCCNA	-5.454375000000001	0.9192796609375
AGCNA	-5.66	0.8960451977499999
CGCNA	-5.092499999999999	0.9601694915
GGCNA	-5.352499999999999	0.93079096025
TGCNA	-5.1425	0.95451977375
NGCNA	-5.311875000000001	0.9353813558125001
ATCNA	-5.57	0.90621468925
CTCNA	-5.295	0.9372881352500001
GTCNA	-5.26	0.9412429375
TTCNA	-5.552499999999999	0.9081920902499999
NTCNA	-5.419375	0.9232344630625
ANCNA	-5.726874999999999	0.8884887006250002
CNCNA	-5.263125	0.940889830375
GNCNA	-5.3825	0.9274011298125
TNCNA	-5.3525	0.9307909603125
NNCNA	-5.4312499999999995	0.9218926552812499
AAGNA	-6.0975	0.8466101695
CAGNA	-5.515	0.9124293787500001
GAGNA	-5.7299999999999995	0.88813559325
TAGNA	-5.43	0.92203389825
NAGNA	-5.693124999999999	0.8923022599375
ACGNA	-5.095000000000001	0.9598870055000001
CCGNA	-5.04	0.96610169475
GCGNA	-5.09	0.96045197725
TCGNA	-5.06	0.9638418077500001
NCGNA	-5.07125	0.9625706213125
AGGNA	-5.5	0.91412429375
CGGNA	-5.375000000000001	0.9282485874999999
GGGNA	-5.3625	0.929661017
TGGNA	-5.475	0.9169491525
NGGNA	-5.428125	0.9222457626875
ATGNA	-5.35	0.93107344625
CTGNA	-5.1499999999999995	0.9536723162499999
GTGNA	-5.154999999999999	0.9531073445
TTGNA	-5.444999999999999	0.9203389827499999
NTGNA	-5.275	0.9395480224375
ANGNA	-5.510625000000001	0.91292372875
CNGNA	-5.2700000000000005	0.9401129943125001
GNGNA	-5.334374999999999	0.932838983
TNGNA	-5.352500000000001	0.9307909603125
NNGNA	-5.366874999999998	0.9291666665937501
AATNA	-8.012500000000001	0.63022598875
CATNA	-7.2225	0.71949152525
GATNA	-7.635	0.672881356
TATNA	-7.092499999999999	0.73418079075
NATNA	-7.4906250000000005	0.6891949151875001
ACTNA	-7.285	0.7124293785
CCTNA	-7.1225	0.7307909605
GCTNA	-7.047499999999999	0.7392655367500001
TCTNA	-7.135	0.72937853125
NCTNA	-7.1475	0.7279661017500002
AGTNA	-7.54	0.68361581925
CGTNA	-7.015000000000001	0.7429378532500001
GGTNA	-7.4575	0.6929378530000001
TGTNA	-7.0175	0.74265536725
NGTNA	-7.257500000000001	0.7155367231875
ATTNA	-7.6825	0.66751412425
CTTNA	-7.540000000000001	0.6836158192499999
GTTNA	-7.3774999999999995	0.70197740125
TTTNA	-7.7325	0.6618644067500001
NTTNA	-7.583124999999998	0.678742937875
ANTNA	-7.630000000000001	0.6734463276875
CNTNA	-7.224999999999999	0.7192090395625002
GNTNA	-7.3793750000000005	0.7017655367500001
TNTNA	-7.244374999999999	0.7170197739999999
NNTNA	-7.369687500000001	0.7028601695000002
AANNA	-7.275	0.7135593220625001
CANNA	-6.490625	0.8021892655625
GANNA	-6.819374999999999	0.7650423729374999
TANNA	-6.386875000000001	0.8139124293125
NANNA	-6.742968749999999	0.7736758474687498
ACNNA	-6.297500000000001	0.8240112993750001
CCNNA	-6.099375	0.8463983050000001
GCNNA	-6.108125	0.8454096044374999
TCNNA	-6.166875	0.8387711864375
NCNNA	-6.16796875	0.8386475988125001
AGNNA	-6.5581249999999995	0.794562146875
CGNNA	-6.228125000000001	0.8318502824999999
GGNNA	-6.430625000000001	0.8089689264375
TGNNA	-6.221875000000001	0.8325564970625
NGNNA	-6.3596875	0.8169844632187501
ATNNA	-6.407499999999999	0.8115819208125001
CTNNA	-6.1937500000000005	0.8357344631875
GTNNA	-6.1518749999999995	0.8404661015000001
TTNNA	-6.418125000000002	0.8103813558124999
NTNNA	-6.292812499999999	0.8245409603281252
ANNNA	-6.634531249999999	0.7859286722812502
CNNNA	-6.25296875	0.8290430790625002
GNNNA	-6.3774999999999995	0.8149717513281249
TNNNA	-6.2984375	0.8239053671562498
NNNNA	-6.390859375000003	0.8134622174570312
AAAAC	-8.97	0.522033898
CAAAC	-8.27	0.601129944
GAAAC	-8.38	0.588700565
TAAAC	-7.85	0.648587571
NAAAC	-8.367500000000001	0.5901129944999999
ACAAC	-6.99	0.745762712
CCAAC	-7.0	0.744632768
GCAAC	-6.99	0.745762712
TCAAC	-7.09	0.734463277
NCAAC	-7.0175	0.74265536725
AGAAC	-7.86	0.647457627
CGAAC	-7.64	0.672316384
GGAAC	-7.81	0.653107345
TGAAC	-7.41	0.698305085
NGAAC	-7.68	0.66779661025
ATAAC	-7.36	0.703954802
CTAAC	-7.07	0.736723164
GTAAC	-7.05	0.738983051
TTAAC	-7.16	0.726553672
NTAAC	-7.16	0.72655367225
ANAAC	-7.795	0.6548022597500001
CNAAC	-7.495	0.688700565
GNAAC	-7.5575	0.6816384182499999
TNAAC	-7.3775	0.70197740125
NNAAC	-7.5562499999999995	0.6817796610625
AACAC	-5.66	0.8960451979999999
CACAC	-5.0	0.970621469
GACAC	-5.39	0.926553672
TACAC	-5.08	0.961581921
NACAC	-5.282500000000001	0.9387005650000001
ACCAC	-5.43	0.922033898
CCCAC	-5.13	0.9559322029999999
GCCAC	-5.23	0.944632768
TCCAC	-5.25	0.9423728809999999
NCCAC	-5.26	0.9412429375
AGCAC	-5.27	0.940112994
CGCAC	-4.96	0.9751412429999999
GGCAC	-5.18	0.950282486
TGCAC	-4.97	0.974011299
NGCAC	-5.095	0.9598870055
ATCAC	-5.68	0.8937853109999999
CTCAC	-5.12	0.957062147
GTCAC	-5.13	0.9559322029999999
TTCAC	-5.32	0.934463277
NTCAC	-5.3125	0.9353107345
ANCAC	-5.51	0.91299435025
CNCAC	-5.0525	0.9646892654999999
GNCAC	-5.2325	0.9443502822500001
TNCAC	-5.155	0.9531073445
NNCAC	-5.237499999999999	0.9437853106250002
AAGAC	-5.94	0.86440678
CAGAC	-5.38	0.9276836159999999
GAGAC	-5.7	0.891525424
TAGAC	-5.33	0.933333333
NAGAC	-5.5875	0.90423728825
ACGAC	-5.43	0.922033898
CCGAC	-5.11	0.95819209
GCGAC	-5.06	0.963841808
TCGAC	-5.03	0.967231638
NCGAC	-5.1575	0.9528248585
AGGAC	-5.48	0.916384181
CGGAC	-5.36	0.929943503
GGGAC	-5.5	0.9141242940000001
TGGAC	-5.41	0.924293785
NGGAC	-5.4375	0.92118644075
ATGAC	-5.56	0.907344633
CTGAC	-5.23	0.944632768
GTGAC	-5.13	0.9559322029999999
TTGAC	-5.27	0.940112994
NTGAC	-5.297499999999999	0.9370056495
ANGAC	-5.6025	0.902542373
CNGAC	-5.2700000000000005	0.94011299425
GNGAC	-5.347499999999999	0.93135593225
TNGAC	-5.26	0.9412429375000001
NNGAC	-5.37	0.92881355925
AATAC	-7.43	0.696045198
CATAC	-6.74	0.7740112990000001
GATAC	-7.1	0.7333333329999999
TATAC	-6.72	0.7762711859999999
NATAC	-6.9975	0.7449152539999999
ACTAC	-6.99	0.745762712
CCTAC	-6.82	0.7649717509999999
GCTAC	-6.83	0.763841808
TCTAC	-6.72	0.7762711859999999
NCTAC	-6.84	0.7627118642499999
AGTAC	-6.89	0.7570621470000001
CGTAC	-6.61	0.788700565
GGTAC	-6.84	0.762711864
TGTAC	-6.58	0.792090395
NGTAC	-6.73	0.77514124275
ATTAC	-7.55	0.682485876
CTTAC	-7.23	0.718644068
GTTAC	-7.05	0.738983051
TTTAC	-7.24	0.717514124
NTTAC	-7.2675	0.71440677975
ANTAC	-7.215	0.72033898325
CNTAC	-6.8500000000000005	0.7615819207500001
GNTAC	-6.955	0.749717514
TNTAC	-6.8149999999999995	0.76553672275
NNTAC	-6.958749999999999	0.7492937851874999
AANAC	-7.0	0.7446327685
CANAC	-6.3475	0.818361582
GANAC	-6.6425	0.7850282485000001
TANAC	-6.244999999999999	0.82994350275
NANAC	-6.558749999999999	0.7944915254374999
ACNAC	-6.210000000000001	0.833898305
CCNAC	-6.015	0.8559322030000001
GCNAC	-6.0275	0.854519774
TCNAC	-6.0225	0.8550847454999999
NCNAC	-6.068749999999999	0.849858756875
AGNAC	-6.375	0.81525423725
CGNAC	-6.1425	0.8415254237500001
GGNAC	-6.3325	0.82005649725
TGNAC	-6.092499999999999	0.8471751410000001
NGNAC	-6.235625	0.8310028248125
ATNAC	-6.5375	0.7968926555
CTNAC	-6.1625000000000005	0.83926553675
GTNAC	-6.09	0.8474576269999999
TTNAC	-6.2475000000000005	0.82966101675
NTNAC	-6.2593749999999995	0.828319209
ANNAC	-6.530625	0.7976694915624999
CNNAC	-6.166875000000001	0.8387711863749999
GNNAC	-6.273124999999999	0.8267655366875
TNNAC	-6.1518749999999995	0.8404661015000001
NNNAC	-6.280625000000002	0.8259180790312501
AAACC	-9.12	0.505084746
CAACC	-7.82	0.651977401
GAACC	-8.2	0.6090395479999999
TAACC	-7.76	0.6587570620000001
NAACC	-8.225	0.60621468925
ACACC	-7.06	0.7378531070000001
CCACC	-6.85	0.761581921
GCACC	-6.87	0.7593220340000001
TCACC	-6.98	0.746892655
NCACC	-6.94	0.7514124292500001
AGACC	-7.44	0.6949152540000001
CGACC	-7.74	0.661016949
GGACC	-7.46	0.6926553670000001
TGACC	-7.65	0.6711864409999999
NGACC	-7.5725	0.67994350275
ATACC	-7.03	0.741242938
CTACC	-7.09	0.734463277
GTACC	-6.84	0.762711864
TTACC	-7.44	0.6949152540000001
NTACC	-7.1000000000000005	0.73333333325
ANACC	-7.6625000000000005	0.66977401125
CNACC	-7.375	0.702259887
GNACC	-7.3425	0.70593220325
TNACC	-7.4575000000000005	0.692937853
NNACC	-7.459375	0.6927259886249999
AACCC	-6.0	0.8576271190000001
CACCC	-5.32	0.934463277
GACCC	-5.79	0.8813559320000001
TACCC	-5.5	0.9141242940000001
NACCC	-5.6525	0.8968926555000001
ACCCC	-5.66	0.8960451979999999
CCCCC	-5.25	0.9423728809999999
GCCCC	-5.39	0.926553672
TCCCC	-5.29	0.937853107
NCCCC	-5.3975	0.9257062145
AGCCC	-5.43	0.922033898
CGCCC	-5.14	0.95480226
GGCCC	-5.45	0.9197740109999999
TGCCC	-5.16	0.952542373
NGCCC	-5.295	0.9372881355
ATCCC	-5.67	0.894915254
CTCCC	-5.23	0.944632768
GTCCC	-5.5	0.9141242940000001
TTCCC	-5.5	0.9141242940000001
NTCCC	-5.475	0.9169491525000001
ANCCC	-5.6899999999999995	0.8926553672499999
CNCCC	-5.235	0.9440677965
GNCCC	-5.5325	0.91045197725
TNCCC	-5.3625	0.929661017
NNCCC	-5.455	0.9192090395000001
AAGCC	-6.1	0.846327684
CAGCC	-5.43	0.922033898
GAGCC	-5.58	0.905084746
TAGCC	-5.49	0.9152542370000001
NAGCC	-5.65	0.89717514125
ACGCC	-5.1	0.959322034
CCGCC	-5.09	0.9604519770000001
GCGCC	-5.12	0.957062147
TCGCC	-5.06	0.963841808
NCGCC	-5.092499999999999	0.9601694915000001
AGGCC	-5.29	0.937853107
CGGCC	-5.37	0.9288135590000001
GGGCC	-5.45	0.9197740109999999
TGGCC	-5.35	0.931073446
NGGCC	-5.365	0.92937853075
ATGCC	-5.23	0.944632768
CTGCC	-5.08	0.961581921
GTGCC	-5.18	0.950282486
TTGCC	-5.51	0.91299435
NTGCC	-5.25	0.94237288125
ANGCC	-5.43	0.92203389825
CNGCC	-5.2425	0.94322033875
GNGCC	-5.3325	0.9330508474999999
TNGCC	-5.3525	0.93079096025
NNGCC	-5.339375000000001	0.9322740111875
AATCC	-8.4	0.586440678
CATCC	-7.69	0.666666667
GATCC	-7.65	0.6711864409999999
TATCC	-7.48	0.69039548
NATCC	-7.805000000000001	0.6536723165
ACTCC	-7.61	0.675706215
CCTCC	-7.22	0.7197740109999999
GCTCC	-7.34	0.7062146890000001
TCTCC	-7.26	0.715254237
NCTCC	-7.3575	0.7042372880000001
AGTCC	-7.68	0.66779661
CGTCC	-7.29	0.711864407
GGTCC	-7.46	0.6926553670000001
TGTCC	-7.24	0.717514124
NGTCC	-7.4175	0.697457627
ATTCC	-8.21	0.607909605
CTTCC	-7.65	0.6711864409999999
GTTCC	-7.81	0.653107345
TTTCC	-8.22	0.606779661
NTTCC	-7.9725	0.634745763
ANTCC	-7.9750000000000005	0.634463277
CNTCC	-7.4625	0.6923728814999999
GNTCC	-7.5649999999999995	0.6807909605
TNTCC	-7.550000000000001	0.6824858755000001
NNTCC	-7.6381250000000005	0.6725282486249999
AANCC	-7.404999999999999	0.6988700567499999
CANCC	-6.565	0.79378531075
GANCC	-6.805	0.76666666675
TANCC	-6.5575	0.79463276825
NANCC	-6.833125	0.763488700625
ACNCC	-6.3575	0.8172316385
CCNCC	-6.102499999999999	0.8460451975000001
GCNCC	-6.18	0.8372881355000001
TCNCC	-6.147499999999999	0.84096045175
NCNCC	-6.196875000000001	0.8353813558125001
AGNCC	-6.46	0.80564971725
CGNCC	-6.385	0.81412429375
GGNCC	-6.455	0.8062146889999999
TGNCC	-6.35	0.818079096
NGNCC	-6.412499999999999	0.8110169489999999
ATNCC	-6.535	0.79717514125
CTNCC	-6.262499999999999	0.82796610175
GTNCC	-6.3325	0.82005649725
TTNCC	-6.6675	0.78220338975
NTNCC	-6.449375	0.8068502825000001
ANNCC	-6.689375000000002	0.7797316384375
CNNCC	-6.32875	0.8204802259375
GNNCC	-6.443125000000001	0.807556497125
TNNCC	-6.430625000000001	0.8089689264375
NNNCC	-6.472968749999999	0.8041843219843751
AAAGC	-8.76	0.545762712
CAAGC	-7.56	0.681355932
GAAGC	-7.86	0.647457627
TAAGC	-7.49	0.689265537
NAAGC	-7.9175	0.6409604520000001
ACAGC	-6.99	0.745762712
CCAGC	-6.56	0.794350282
GCAGC	-6.71	0.77740113
TCAGC	-6.7	0.778531073
NCAGC	-6.74	0.77401129925
AGAGC	-7.25	0.7163841809999999
CGAGC	-7.17	0.7254237290000001
GGAGC	-7.34	0.7062146890000001
TGAGC	-7.07	0.736723164
NGAGC	-7.2075	0.7211864407499999
ATAGC	-7.0	0.744632768
CTAGC	-6.87	0.7593220340000001
GTAGC	-6.83	0.763841808
TTAGC	-6.93	0.7525423729999999
NTAGC	-6.907500000000001	0.75508474575
ANAGC	-7.5	0.68813559325
CNAGC	-7.04	0.7401129942500001
GNAGC	-7.1850000000000005	0.7237288135000001
TNAGC	-7.0475	0.7392655367500001
NNAGC	-7.193125	0.7228107344375002
AACGC	-5.56	0.907344633
CACGC	-5.03	0.967231638
GACGC	-5.25	0.9423728809999999
TACGC	-5.03	0.967231638
NACGC	-5.2175	0.9460451974999999
ACCGC	-5.23	0.944632768
CCCGC	-5.14	0.95480226
GCCGC	-5.1	0.959322034
TCCGC	-5.2	0.9480225990000001
NCCGC	-5.1675	0.95169491525
AGCGC	-5.21	0.946892655
CGCGC	-4.81	0.992090395
GGCGC	-5.12	0.957062147
TGCGC	-4.75	0.9988700559999999
NGCGC	-4.9725	0.97372881325
ATCGC	-5.24	0.943502825
CTCGC	-5.13	0.9559322029999999
GTCGC	-5.06	0.963841808
TTCGC	-5.38	0.9276836159999999
NTCGC	-5.2025	0.9477401129999999
ANCGC	-5.3100000000000005	0.93559322025
CNCGC	-5.0275	0.967514124
GNCGC	-5.132499999999999	0.9556497175
TNCGC	-5.09	0.96045197725
NNCGC	-5.14	0.9548022597499999
AAGGC	-5.64	0.898305085
CAGGC	-5.63	0.899435028
GAGGC	-5.62	0.9005649720000001
TAGGC	-5.65	0.897175141
NAGGC	-5.635	0.8988700565
ACGGC	-5.1	0.959322034
CCGGC	-5.02	0.968361582
GCGGC	-5.1	0.959322034
TCGGC	-5.23	0.944632768
NCGGC	-5.1125	0.9579096045
AGGGC	-5.05	0.964971751
CGGGC	-5.55	0.9084745759999999
GGGGC	-5.39	0.926553672
TGGGC	-5.57	0.906214689
NGGGC	-5.39	0.9265536719999999
ATGGC	-5.43	0.922033898
CTGGC	-5.19	0.949152542
GTGGC	-5.23	0.944632768
TTGGC	-5.24	0.943502825
NTGGC	-5.272500000000001	0.9398305082499999
ANGGC	-5.305	0.9361581920000001
CNGGC	-5.3475	0.931355932
GNGGC	-5.335	0.9327683615
TNGGC	-5.422500000000001	0.92288135575
NNGGC	-5.352499999999999	0.9307909603125001
AATGC	-7.51	0.68700565
CATGC	-6.8	0.7672316379999999
GATGC	-7.24	0.717514124
TATGC	-6.64	0.7853107340000001
NATGC	-7.047499999999999	0.7392655365
ACTGC	-6.89	0.7570621470000001
CCTGC	-6.71	0.77740113
GCTGC	-6.71	0.77740113
TCTGC	-6.55	0.7954802259999999
NCTGC	-6.715	0.77683615825
AGTGC	-7.05	0.738983051
CGTGC	-6.68	0.78079096
GGTGC	-6.87	0.7593220340000001
TGTGC	-6.5	0.801129944
NGTGC	-6.775	0.77005649725
ATTGC	-7.61	0.675706215
CTTGC	-7.19	0.7231638420000001
GTTGC	-6.99	0.745762712
TTTGC	-7.8	0.6542372879999999
NTTGC	-7.3975	0.6997175142500001
ANTGC	-7.265	0.71468926575
CNTGC	-6.845	0.7621468925
GNTGC	-6.952500000000001	0.75
TNTGC	-6.8725	0.759039548
NNTGC	-6.98375	0.7464689265624999
AANGC	-6.8675	0.75960452
CANGC	-6.255	0.8288135590000001
GANGC	-6.4925	0.801977401
TANGC	-6.202500000000001	0.8347457625000001
NANGC	-6.454375000000001	0.8062853106249999
ACNGC	-6.0525	0.85169491525
CCNGC	-5.8575	0.8737288135
GCNGC	-5.904999999999999	0.868361582
TCNGC	-5.920000000000001	0.8666666665
NCNGC	-5.933749999999999	0.8651129943125001
AGNGC	-6.140000000000001	0.8418079095
CGNGC	-6.0525	0.8516949149999999
GGNGC	-6.180000000000001	0.8372881355000001
TGNGC	-5.9725	0.8607344632499999
NGNGC	-6.08625	0.8478813558125
ATNGC	-6.32	0.8214689265
CTNGC	-6.095000000000001	0.84689265525
GTNGC	-6.0275	0.854519774
TTNGC	-6.3374999999999995	0.8194915254999999
NTNGC	-6.194999999999999	0.8355932203124998
ANNGC	-6.345000000000001	0.8186440678125
CNNGC	-6.0649999999999995	0.8502824856875001
GNNGC	-6.151249999999999	0.840536723125
TNNGC	-6.108124999999999	0.8454096044374999
NNNGC	-6.167343750000001	0.8387182202656251
AAATC	-8.76	0.545762712
CAATC	-7.97	0.635028249
GAATC	-8.53	0.571751412
TAATC	-7.95	0.637288136
NAATC	-8.3025	0.5974576272500001
ACATC	-7.6	0.676836158
CCATC	-6.99	0.745762712
GCATC	-7.24	0.717514124
TCATC	-7.57	0.6802259890000001
NCATC	-7.35	0.70508474575
AGATC	-8.19	0.610169492
CGATC	-7.6	0.676836158
GGATC	-7.65	0.6711864409999999
TGATC	-7.84	0.649717514
NGATC	-7.819999999999999	0.6519774012499999
ATATC	-7.44	0.6949152540000001
CTATC	-7.11	0.73220339
GTATC	-7.1	0.7333333329999999
TTATC	-7.18	0.724293785
NTATC	-7.2075	0.7211864405
ANATC	-7.9975	0.631920904
CNATC	-7.4175	0.69745762725
GNATC	-7.630000000000001	0.6734463275
TNATC	-7.635	0.672881356
NNATC	-7.67	0.6689265536875
AACTC	-6.33	0.820338983
CACTC	-5.66	0.8960451979999999
GACTC	-5.82	0.877966102
TACTC	-5.63	0.899435028
NACTC	-5.86	0.87344632775
ACCTC	-6.05	0.851977401
CCCTC	-5.55	0.9084745759999999
GCCTC	-5.62	0.9005649720000001
TCCTC	-5.52	0.911864407
NCCTC	-5.685	0.893220339
AGCTC	-5.79	0.8813559320000001
CGCTC	-5.41	0.924293785
GGCTC	-5.58	0.905084746
TGCTC	-5.61	0.901694915
NGCTC	-5.5975	0.9031073445
ATCTC	-5.95	0.8632768359999999
CTCTC	-5.81	0.879096045
GTCTC	-5.7	0.891525424
TTCTC	-6.16	0.839548023
NTCTC	-5.905	0.868361582
ANCTC	-6.029999999999999	0.854237288
CNCTC	-5.6075	0.9019774009999999
GNCTC	-5.680000000000001	0.893785311
TNCTC	-5.7299999999999995	0.8881355932499999
NNCTC	-5.761875	0.8845338983125001
AAGTC	-6.55	0.7954802259999999
CAGTC	-5.57	0.906214689
GAGTC	-5.82	0.877966102
TAGTC	-5.5	0.9141242940000001
NAGTC	-5.86	0.8734463277500001
ACGTC	-5.56	0.907344633
CCGTC	-5.29	0.937853107
GCGTC	-5.25	0.9423728809999999
TCGTC	-5.3	0.9367231640000001
NCGTC	-5.3500000000000005	0.93107344625
AGGTC	-6.0	0.8576271190000001
CGGTC	-5.5	0.9141242940000001
GGGTC	-5.79	0.8813559320000001
TGGTC	-5.62	0.9005649720000001
NGGTC	-5.7275	0.88841807925
ATGTC	-5.65	0.897175141
CTGTC	-5.58	0.905084746
GTGTC	-5.39	0.926553672
TTGTC	-5.56	0.907344633
NTGTC	-5.545	0.909039548
ANGTC	-5.9399999999999995	0.86440677975
CNGTC	-5.484999999999999	0.915819209
GNGTC	-5.5625	0.90706214675
TNGTC	-5.495	0.9146892657500001
NNGTC	-5.620625	0.9004943503125
AATTC	-10.92	0.301694915
CATTC	-8.53	0.571751412
GATTC	-8.53	0.571751412
TATTC	-8.08	0.62259887
NATTC	-9.014999999999999	0.51694915225
ACTTC	-8.32	0.5954802260000001
CCTTC	-7.89	0.644067797
GCTTC	-7.86	0.647457627
TCTTC	-7.96	0.636158192
NCTTC	-8.0075	0.6307909605
AGTTC	-8.35	0.592090395
CGTTC	-7.82	0.651977401
GGTTC	-8.2	0.6090395479999999
TGTTC	-7.98	0.633898305
NGTTC	-8.0875	0.62175141225
ATTTC	-9.42	0.471186441
CTTTC	-8.88	0.53220339
GTTTC	-8.38	0.588700565
TTTTC	-9.65	0.44519774
NTTTC	-9.0825	0.509322034
ANTTC	-9.252500000000001	0.49011299425
CNTTC	-8.28	0.6000000000000001
GNTTC	-8.2425	0.604237288
TNTTC	-8.4175	0.58446327675
NNTTC	-8.548124999999999	0.56970338975
AANTC	-8.14	0.615819209
CANTC	-6.932499999999999	0.7522598869999999
GANTC	-7.175000000000001	0.724858757
TANTC	-6.789999999999999	0.768361582
NANTC	-7.259375	0.7153248587500001
ACNTC	-6.882499999999999	0.7579096045
CCNTC	-6.43	0.809039548
GCNTC	-6.4925	0.801977401
TCNTC	-6.5875	0.791242938
NCNTC	-6.598124999999999	0.790042372875
AGNTC	-7.0825	0.7353107345000001
CGNTC	-6.5825	0.7918079095
GGNTC	-6.805	0.76666666675
TGNTC	-6.7625	0.7714689265000001
NGNTC	-6.808125	0.7663135593125
ATNTC	-7.115	0.731638418
CTNTC	-6.845000000000001	0.7621468927500001
GTNTC	-6.6425	0.7850282485
TTNTC	-7.137499999999999	0.7290960452499999
NTNTC	-6.935	0.751977401125
ANNTC	-7.305000000000001	0.7101694915
CNNTC	-6.6975	0.7788135593125
GNNTC	-6.7787500000000005	0.7696327683125
TNNTC	-6.819375	0.7650423729375
NNNTC	-6.900156249999998	0.7559145480156247
AAANC	-8.9025	0.529661017
CAANC	-7.904999999999999	0.6423728815
GAANC	-8.2425	0.604237288
TAANC	-7.7625	0.6584745765
NAANC	-8.203125	0.6086864407499999
ACANC	-7.16	0.72655367225
CCANC	-6.85	0.76158192075
GCANC	-6.952500000000001	0.75
TCANC	-7.085	0.7350282485
NCANC	-7.011874999999998	0.743290960375
AGANC	-7.6850000000000005	0.6672316385000001
CGANC	-7.5375	0.683898305
GGANC	-7.5649999999999995	0.6807909605
TGANC	-7.492500000000001	0.6889830509999999
NGANC	-7.57	0.6802259887500001
ATANC	-7.2075000000000005	0.7211864405
CTANC	-7.035	0.74067796625
GTANC	-6.955	0.749717514
TTANC	-7.1775	0.724576271
NTANC	-7.09375	0.7340395479375
ANANC	-7.73875	0.6611581920625
CNANC	-7.331875	0.7071327683749999
GNANC	-7.428749999999999	0.6961864406249999
TNANC	-7.379375000000001	0.7017655367500001
NNANC	-7.469687499999999	0.691560734453125
AACNC	-5.887499999999999	0.87033898325
CACNC	-5.2525	0.9420903955
GACNC	-5.5625	0.90706214675
TACNC	-5.31	0.93559322025
NACNC	-5.503124999999999	0.9137711864374999
ACCNC	-5.5925	0.90367231625
CCCNC	-5.2675	0.9403954800000001
GCCNC	-5.335	0.9327683615000001
TCCNC	-5.3149999999999995	0.9350282485
NCCNC	-5.3775	0.9279661015624998
AGCNC	-5.425	0.92259886975
CGCNC	-5.08	0.96158192075
GGCNC	-5.3325	0.9330508474999999
TGCNC	-5.1225	0.9567796607500001
NGCNC	-5.24	0.9435028246874999
ATCNC	-5.635	0.8988700565
CTCNC	-5.3225	0.9341807907499999
GTCNC	-5.347499999999999	0.93135593225
TTCNC	-5.59	0.9039548024999999
NTCNC	-5.473750000000001	0.9170903955
ANCNC	-5.635000000000001	0.8988700564374998
CNCNC	-5.230625000000001	0.9445621467499998
GNCNC	-5.394375	0.926059322
TNCNC	-5.334375	0.9328389829999999
NNCNC	-5.39859375	0.9255826270468753
AAGNC	-6.0575	0.8511299437500001
CAGNC	-5.5024999999999995	0.91384180775
GAGNC	-5.680000000000001	0.893785311
TAGNC	-5.4925	0.9149717512500001
NAGNC	-5.683125	0.8934322034375001
ACGNC	-5.297499999999999	0.93700564975
CCGNC	-5.1274999999999995	0.9562146890000001
GCGNC	-5.1325	0.9556497174999999
TCGNC	-5.155	0.9531073445
NCGNC	-5.1781250000000005	0.9504943501875
AGGNC	-5.455	0.9192090395
CGGNC	-5.445	0.920338983
GGGNC	-5.5325	0.9104519772499999
TGGNC	-5.4875	0.9155367230000001
NGGNC	-5.48	0.9163841806875
ATGNC	-5.467499999999999	0.91779661
CTGNC	-5.27	0.94011299425
GTGNC	-5.2325	0.9443502822500001
TTGNC	-5.395	0.9259887005
NTGNC	-5.34125	0.93206214675
ANGNC	-5.569375	0.9062853107500001
CNGNC	-5.33625	0.9326271185
GNGNC	-5.394375	0.9260593220000002
TNGNC	-5.3825	0.9274011298125
NNGNC	-5.420624999999999	0.9230932202656251
AATNC	-8.565	0.5677966102500001
CATNC	-7.4399999999999995	0.6949152540000001
GATNC	-7.630000000000001	0.6734463275
TATNC	-7.23	0.7186440675
NATNC	-7.71625	0.6637005648124998
ACTNC	-7.452500000000001	0.6935028250000002
CCTNC	-7.16	0.7265536722499999
GCTNC	-7.185	0.7237288135000001
TCTNC	-7.1225000000000005	0.7307909602499999
NCTNC	-7.2299999999999995	0.71864406775
AGTNC	-7.4925	0.68898305075
CGTNC	-7.1	0.7333333332499999
GGTNC	-7.3425	0.70593220325
TGTNC	-7.075	0.736158192
NGTNC	-7.2524999999999995	0.7161016948125
ATTNC	-8.1975	0.60932203425
CTTNC	-7.737500000000001	0.6612994352499999
GTTNC	-7.557500000000001	0.6816384182499999
TTTNC	-8.227500000000001	0.6059322032500001
NTTNC	-7.93	0.6395480227499999
ANTNC	-7.926875	0.6399011300624999
CNTNC	-7.359375	0.7040254236875
GNTNC	-7.42875	0.696186440625
TNTNC	-7.413749999999999	0.6978813557499999
NNTNC	-7.532187499999999	0.6844985875312498
AANNC	-7.353125	0.7047316385625001
CANNC	-6.524999999999999	0.7983050846874998
GANNC	-6.778749999999999	0.7696327683124999
TANNC	-6.4487499999999995	0.806920903875
NANNC	-6.776406249999997	0.7698975988593748
ACNNC	-6.375624999999999	0.8151836158125
CCNNC	-6.101249999999999	0.8461864404999999
GCNNC	-6.151249999999999	0.840536723125
TCNNC	-6.169375	0.8384887004374999
NCNNC	-6.199375	0.8350988699687503
AGNNC	-6.514374999999999	0.799505649625
CGNNC	-6.290624999999999	0.8247881355
GGNNC	-6.443125000000001	0.807556497125
TGNNC	-6.2943750000000005	0.8243644066875001
NGNNC	-6.385625	0.8140536722343751
ATNNC	-6.626875000000001	0.7867937853125
CTNNC	-6.34125	0.8190677966250001
GTNNC	-6.273124999999999	0.8267655366874999
TTNNC	-6.5975	0.7901129943124999
NTNNC	-6.459687500000001	0.8056850282343749
ANNNC	-6.717500000000001	0.7765536723281248
CNNNC	-6.314531250000001	0.8220868643281253
GNNNC	-6.4115625	0.8111228813124999
TNNNC	-6.3774999999999995	0.8149717513281253
NNNNC	-6.455273437499998	0.8061837923242186
AAAAG	-10.39	0.36158192100000003
CAAAG	-8.76	0.545762712
GAAAG	-8.88	0.53220339
TAAAG	-8.13	0.616949153
NAAAG	-9.040000000000001	0.514124294
ACAAG	-7.49	0.689265537
CCAAG	-7.06	0.7378531070000001
GCAAG	-7.19	0.7231638420000001
TCAAG	-7.32	0.708474576
NCAAG	-7.265000000000001	0.7146892655
AGAAG	-7.97	0.635028249
CGAAG	-7.77	0.657627119
GGAAG	-7.65	0.6711864409999999
TGAAG	-7.47	0.691525424
NGAAG	-7.715	0.66384180825
ATAAG	-7.46	0.6926553670000001
CTAAG	-7.36	0.703954802
GTAAG	-7.23	0.718644068
TTAAG	-7.24	0.717514124
NTAAG	-7.3225	0.7081920902500001
ANAAG	-8.3275	0.5946327685
CNAAG	-7.7375	0.661299435
GNAAG	-7.7375	0.66129943525
TNAAG	-7.540000000000001	0.68361581925
NNAAG	-7.835624999999999	0.6502118645000001
AACAG	-5.75	0.885875706
CACAG	-5.48	0.916384181
GACAG	-5.58	0.905084746
TACAG	-5.31	0.93559322
NACAG	-5.53	0.91073446325
ACCAG	-5.3	0.9367231640000001
CCCAG	-5.02	0.968361582
GCCAG	-5.19	0.949152542
TCCAG	-5.28	0.9389830509999999
NCCAG	-5.197500000000001	0.9483050847500001
AGCAG	-5.7	0.891525424
CGCAG	-5.01	0.969491525
GGCAG	-5.08	0.961581921
TGCAG	-5.0	0.970621469
NGCAG	-5.1975	0.9483050847500001
ATCAG	-5.47	0.9175141240000001
CTCAG	-5.09	0.9604519770000001
GTCAG	-5.23	0.944632768
TTCAG	-5.01	0.969491525
NTCAG	-5.199999999999999	0.9480225985
ANCAG	-5.555	0.9079096045000001
CNCAG	-5.15	0.95367231625
GNCAG	-5.27	0.94011299425
TNCAG	-5.15	0.95367231625
NNCAG	-5.281250000000001	0.9388418078125
AAGAG	-5.82	0.877966102
CAGAG	-5.67	0.894915254
GAGAG	-5.81	0.879096045
TAGAG	-5.27	0.940112994
NAGAG	-5.6425	0.89802259875
ACGAG	-5.41	0.924293785
CCGAG	-4.85	0.9875706209999999
GCGAG	-5.13	0.9559322029999999
TCGAG	-4.91	0.98079096
NCGAG	-5.075	0.96214689225
AGGAG	-5.59	0.903954802
CGGAG	-5.41	0.924293785
GGGAG	-5.23	0.944632768
TGGAG	-5.61	0.901694915
NGGAG	-5.46	0.9186440675
ATGAG	-5.38	0.9276836159999999
CTGAG	-5.09	0.9604519770000001
GTGAG	-5.12	0.957062147
TTGAG	-5.39	0.926553672
NTGAG	-5.245	0.9429378529999999
ANGAG	-5.55	0.9084745762499999
CNGAG	-5.255	0.94180790925
GNGAG	-5.322500000000001	0.9341807907499999
TNGAG	-5.295	0.93728813525
NNGAG	-5.355625000000001	0.930437852875
AATAG	-7.51	0.68700565
CATAG	-7.21	0.720903955
GATAG	-7.11	0.73220339
TATAG	-6.87	0.7593220340000001
NATAG	-7.175	0.72485875725
ACTAG	-7.36	0.703954802
CCTAG	-6.9	0.755932203
GCTAG	-6.87	0.7593220340000001
TCTAG	-6.63	0.786440678
NCTAG	-6.94	0.7514124292500001
AGTAG	-7.43	0.696045198
CGTAG	-6.73	0.775141243
GGTAG	-7.09	0.734463277
TGTAG	-6.73	0.775141243
NGTAG	-6.995	0.7451977402500001
ATTAG	-7.23	0.718644068
CTTAG	-7.36	0.703954802
GTTAG	-7.07	0.736723164
TTTAG	-6.93	0.7525423729999999
NTTAG	-7.1475	0.72796610175
ANTAG	-7.3825	0.7014124295
CNTAG	-7.05	0.73898305075
GNTAG	-7.035	0.74067796625
TNTAG	-6.79	0.768361582
NNTAG	-7.064375000000002	0.7373587571250001
AANAG	-7.3675	0.70310734475
CANAG	-6.78	0.7694915254999999
GANAG	-6.845	0.76214689275
TANAG	-6.3950000000000005	0.8129943502500001
NANAG	-6.846875	0.7619350283125
ACNAG	-6.39	0.8135593220000001
CCNAG	-5.9575	0.86242937825
GCNAG	-6.095000000000001	0.84689265525
TCNAG	-6.035	0.85367231625
NCNAG	-6.119375	0.8441384179375001
AGNAG	-6.672499999999999	0.78163841825
CGNAG	-6.2299999999999995	0.831638418
GGNAG	-6.2625	0.82796610175
TGNAG	-6.2025	0.8347457627500001
NGNAG	-6.341875	0.8189971751875
ATNAG	-6.385	0.8141242937500001
CTNAG	-6.225	0.8322033895000001
GTNAG	-6.1625000000000005	0.8392655367499999
TTNAG	-6.1425	0.8415254235
NTNAG	-6.228750000000002	0.8317796608750001
ANNAG	-6.70375	0.7781073446875
CNNAG	-6.298125000000001	0.8239406778125001
GNNAG	-6.3412500000000005	0.8190677966250001
TNNAG	-6.19375	0.8357344631875001
NNNAG	-6.3842187500000005	0.8142125705781251
AAACG	-8.27	0.601129944
CAACG	-7.6	0.676836158
GAACG	-7.82	0.651977401
TAACG	-7.51	0.68700565
NAACG	-7.799999999999999	0.65423728825
ACACG	-6.83	0.763841808
CCACG	-6.67	0.781920904
GCACG	-6.68	0.78079096
TCACG	-6.73	0.775141243
NCACG	-6.7275	0.7754237287500001
AGACG	-7.44	0.6949152540000001
CGACG	-7.18	0.724293785
GGACG	-7.29	0.711864407
TGACG	-7.05	0.738983051
NGACG	-7.24	0.71751412425
ATACG	-6.78	0.769491525
CTACG	-6.73	0.775141243
GTACG	-6.61	0.788700565
TTACG	-6.77	0.7706214690000001
NTACG	-6.7225	0.7759887005
ANACG	-7.33	0.70734463275
CNACG	-7.045	0.7395480225
GNACG	-7.1	0.73333333325
TNACG	-7.015	0.74293785325
NNACG	-7.1225	0.7307909604375
AACCG	-5.76	0.884745763
CACCG	-5.25	0.9423728809999999
GACCG	-5.5	0.9141242940000001
TACCG	-5.28	0.9389830509999999
NACCG	-5.4475	0.92005649725
ACCCG	-5.59	0.903954802
CCCCG	-5.31	0.93559322
GCCCG	-5.55	0.9084745759999999
TCCCG	-5.44	0.920903955
NCCCG	-5.4725	0.91723163825
AGCCG	-5.53	0.9107344629999999
CGCCG	-5.17	0.9514124290000001
GGCCG	-5.37	0.9288135590000001
TGCCG	-5.05	0.964971751
NGCCG	-5.28	0.9389830505000001
ATCCG	-5.43	0.922033898
CTCCG	-5.41	0.924293785
GTCCG	-5.36	0.929943503
TTCCG	-5.73	0.888135593
NTCCG	-5.4825	0.91610169475
ANCCG	-5.5775	0.9053672315
CNCCG	-5.285	0.93841807875
GNCCG	-5.445	0.920338983
TNCCG	-5.375	0.9282485874999999
NNCCG	-5.420624999999999	0.9230932201875001
AAGCG	-5.65	0.897175141
CAGCG	-5.29	0.937853107
GAGCG	-5.41	0.924293785
TAGCG	-5.26	0.9412429379999999
NAGCG	-5.4025	0.92514124275
ACGCG	-4.86	0.986440678
CCGCG	-4.76	0.997740113
GCGCG	-4.81	0.992090395
TCGCG	-4.75	0.9988700559999999
NCGCG	-4.795	0.9937853105
AGGCG	-5.21	0.946892655
CGGCG	-5.17	0.9514124290000001
GGGCG	-5.14	0.95480226
TGGCG	-5.16	0.952542373
NGGCG	-5.17	0.95141242925
ATGCG	-4.96	0.9751412429999999
CTGCG	-5.01	0.969491525
GTGCG	-4.96	0.9751412429999999
TTGCG	-5.2	0.9480225990000001
NTGCG	-5.0325	0.9669491525
ANGCG	-5.170000000000001	0.95141242925
CNGCG	-5.0575	0.9641242935
GNGCG	-5.08	0.96158192075
TNGCG	-5.0925	0.9601694915
NNGCG	-5.1	0.9593220337499998
AATCG	-7.97	0.635028249
CATCG	-7.67	0.668926554
GATCG	-7.6	0.676836158
TATCG	-7.12	0.7310734459999999
NATCG	-7.590000000000001	0.6779661017499999
ACTCG	-7.3	0.710734463
CCTCG	-7.19	0.7231638420000001
GCTCG	-7.17	0.7254237290000001
TCTCG	-7.13	0.729943503
NCTCG	-7.1975	0.72231638425
AGTCG	-7.96	0.636158192
CGTCG	-7.18	0.724293785
GGTCG	-7.74	0.661016949
TGTCG	-7.15	0.727683616
NGTCG	-7.5075	0.6872881355
ATTCG	-7.92	0.640677966
CTTCG	-7.77	0.657627119
GTTCG	-7.64	0.672316384
TTTCG	-8.32	0.5954802260000001
NTTCG	-7.9125	0.6415254237500001
ANTCG	-7.7875	0.6556497175
CNTCG	-7.4525	0.6935028249999999
GNTCG	-7.5375	0.683898305
TNTCG	-7.43	0.69604519775
NNTCG	-7.551874999999999	0.6822740113125001
AANCG	-6.9125	0.7545197742499999
CANCG	-6.452500000000001	0.806497175
GANCG	-6.5825	0.7918079095
TANCG	-6.2924999999999995	0.8245762712499999
NANCG	-6.56	0.7943502825
ACNCG	-6.1450000000000005	0.84124293775
CCNCG	-5.982500000000001	0.85960451975
GCNCG	-6.0525	0.8516949149999999
TCNCG	-6.0125	0.8562146892499999
NCNCG	-6.048124999999999	0.8521892654375
AGNCG	-6.535	0.797175141
CGNCG	-6.175	0.837853107
GGNCG	-6.385	0.8141242937500001
TGNCG	-6.102499999999999	0.8460451977500001
NGNCG	-6.299374999999999	0.8237994348750001
ATNCG	-6.272500000000001	0.826836158
CTNCG	-6.2299999999999995	0.831638418
GTNCG	-6.1425	0.8415254237500001
TTNCG	-6.505	0.8005649717500001
NTNCG	-6.2875	0.825141242875
ANNCG	-6.466249999999999	0.8049435027499998
CNNCG	-6.21	0.8338983049375002
GNNCG	-6.290624999999999	0.8247881355000001
TNNCG	-6.228125	0.8318502824999999
NNNCG	-6.29875	0.8238700564218752
AAAGG	-8.81	0.540112994
CAAGG	-7.76	0.6587570620000001
GAAGG	-7.89	0.644067797
TAAGG	-7.66	0.670056497
NAAGG	-8.030000000000001	0.6282485875
ACAGG	-6.94	0.751412429
CCAGG	-6.72	0.7762711859999999
GCAGG	-6.71	0.77740113
TCAGG	-6.99	0.745762712
NCAGG	-6.84	0.7627118642499999
AGAGG	-7.16	0.726553672
CGAGG	-7.19	0.7231638420000001
GGAGG	-7.22	0.7197740109999999
TGAGG	-6.99	0.745762712
NGAGG	-7.140000000000001	0.7288135592499999
ATAGG	-6.95	0.7502824859999999
CTAGG	-6.9	0.755932203
GTAGG	-6.82	0.7649717509999999
TTAGG	-6.85	0.761581921
NTAGG	-6.880000000000001	0.7581920902499999
ANAGG	-7.465	0.6920903952499999
CNAGG	-7.1425	0.72853107325
GNAGG	-7.16	0.72655367225
TNAGG	-7.1225000000000005	0.7307909604999999
NNAGG	-7.2225	0.7194915253124999
AACGG	-5.66	0.8960451979999999
CACGG	-5.12	0.957062147
GACGG	-5.29	0.937853107
TACGG	-5.15	0.9536723159999999
NACGG	-5.305	0.9361581920000001
ACCGG	-5.16	0.952542373
CCCGG	-5.12	0.957062147
GCCGG	-5.02	0.968361582
TCCGG	-4.9	0.9819209040000001
NCCGG	-5.050000000000001	0.9649717515
AGCGG	-5.0	0.970621469
CGCGG	-4.76	0.997740113
GGCGG	-5.09	0.9604519770000001
TGCGG	-4.82	0.990960452
NGCGG	-4.9175	0.97994350275
ATCGG	-5.15	0.9536723159999999
CTCGG	-4.85	0.9875706209999999
GTCGG	-5.11	0.95819209
TTCGG	-5.29	0.937853107
NTCGG	-5.1	0.9593220335
ANCGG	-5.2425	0.943220339
CNCGG	-4.9625	0.974858757
GNCGG	-5.1274999999999995	0.9562146890000001
TNCGG	-5.04	0.96610169475
NNCGG	-5.093125	0.9600988699375002
AAGGG	-5.82	0.877966102
CAGGG	-5.52	0.911864407
GAGGG	-5.55	0.9084745759999999
TAGGG	-5.42	0.923163842
NAGGG	-5.577500000000001	0.9053672317500001
ACGGG	-5.36	0.929943503
CCGGG	-5.12	0.957062147
GCGGG	-5.14	0.95480226
TCGGG	-5.22	0.9457627120000001
NCGGG	-5.21	0.9468926555
AGGGG	-5.38	0.9276836159999999
CGGGG	-5.31	0.93559322
GGGGG	-5.25	0.9423728809999999
TGGGG	-5.39	0.926553672
NGGGG	-5.3325	0.9330508472499999
ATGGG	-5.37	0.9288135590000001
CTGGG	-5.02	0.968361582
GTGGG	-5.13	0.9559322029999999
TTGGG	-5.39	0.926553672
NTGGG	-5.2275	0.9449152539999999
ANGGG	-5.4825	0.9161016949999999
CNGGG	-5.2425	0.943220339
GNGGG	-5.2675	0.9403954799999998
TNGGG	-5.355	0.9305084745000001
NNGGG	-5.336875	0.9325564971250001
AATGG	-7.27	0.7141242940000001
CATGG	-6.81	0.766101695
GATGG	-6.99	0.745762712
TATGG	-6.63	0.786440678
NATGG	-6.925	0.75310734475
ACTGG	-6.86	0.760451977
CCTGG	-6.72	0.7762711859999999
GCTGG	-6.56	0.794350282
TCTGG	-6.68	0.78079096
NCTGG	-6.705	0.77796610125
AGTGG	-6.85	0.761581921
CGTGG	-6.67	0.781920904
GGTGG	-6.85	0.761581921
TGTGG	-6.57	0.7932203390000001
NGTGG	-6.734999999999999	0.77457627125
ATTGG	-7.32	0.708474576
CTTGG	-7.06	0.7378531070000001
GTTGG	-7.0	0.744632768
TTTGG	-7.64	0.672316384
NTTGG	-7.255	0.71581920875
ANTGG	-7.074999999999999	0.736158192
CNTGG	-6.8149999999999995	0.7655367230000001
GNTGG	-6.85	0.7615819207500001
TNTGG	-6.88	0.7581920902500001
NNTGG	-6.905	0.7553672315
AANGG	-6.89	0.7570621470000001
CANGG	-6.302499999999999	0.82344632775
GANGG	-6.43	0.809039548
TANGG	-6.215	0.83333333325
NANGG	-6.459374999999999	0.8057203389999998
ACNGG	-6.08	0.8485875705000001
CCNGG	-5.92	0.8666666665
GCNGG	-5.8575	0.8737288135
TCNGG	-5.9475	0.8635593220000001
NCNGG	-5.95125	0.863135593125
AGNGG	-6.0975	0.8466101695
CGNGG	-5.9825	0.8596045197500001
GGNGG	-6.102499999999999	0.8460451975
TGNGG	-5.9425	0.86412429375
NGNGG	-6.03125	0.8540960451249999
ATNGG	-6.197500000000001	0.8353107342499999
CTNGG	-5.9575	0.8624293782500001
GTNGG	-6.015	0.8559322029999998
TTNGG	-6.2925	0.824576271
NTNGG	-6.1156250000000005	0.8445621466250001
ANNGG	-6.316249999999998	0.8218926553125
CNNGG	-6.0406249999999995	0.8530367230624999
GNNGG	-6.101249999999999	0.8461864404999999
TNNGG	-6.099374999999999	0.8463983050000001
NNNGG	-6.139375	0.8418785309687501
AAATG	-9.42	0.471186441
CAATG	-7.96	0.636158192
GAATG	-8.53	0.571751412
TAATG	-7.85	0.648587571
NAATG	-8.44	0.581920904
ACATG	-7.2	0.722033898
CCATG	-6.81	0.766101695
GCATG	-6.8	0.7672316379999999
TCATG	-6.82	0.7649717509999999
NCATG	-6.9075	0.7550847455
AGATG	-7.78	0.656497175
CGATG	-7.67	0.668926554
GGATG	-7.69	0.666666667
TGATG	-7.34	0.7062146890000001
NGATG	-7.62	0.6745762712500001
ATATG	-7.38	0.701694915
CTATG	-7.21	0.720903955
GTATG	-6.74	0.7740112990000001
TTATG	-6.88	0.75819209
NTATG	-7.052499999999999	0.7387005647500001
ANATG	-7.945	0.63785310725
CNATG	-7.4125	0.698022599
GNATG	-7.4399999999999995	0.694915254
TNATG	-7.222499999999999	0.7194915252499999
NNATG	-7.504999999999999	0.6875706213750001
AACTG	-5.9	0.8689265540000001
CACTG	-5.29	0.937853107
GACTG	-5.57	0.906214689
TACTG	-5.36	0.929943503
NACTG	-5.53	0.9107344632500001
ACCTG	-5.73	0.888135593
CCCTG	-5.52	0.911864407
GCCTG	-5.63	0.899435028
TCCTG	-5.52	0.911864407
NCCTG	-5.6	0.90282485875
AGCTG	-5.64	0.898305085
CGCTG	-5.29	0.937853107
GGCTG	-5.43	0.922033898
TGCTG	-5.22	0.9457627120000001
NGCTG	-5.395	0.9259887005
ATCTG	-5.82	0.877966102
CTCTG	-5.67	0.894915254
GTCTG	-5.38	0.9276836159999999
TTCTG	-5.96	0.862146893
NTCTG	-5.7075000000000005	0.89067796625
ANCTG	-5.7725	0.8833333335
CNCTG	-5.442499999999999	0.9206214687500001
GNCTG	-5.5024999999999995	0.91384180775
TNCTG	-5.515	0.91242937875
NNCTG	-5.558125	0.9075564971875002
AAGTG	-6.18	0.837288136
CAGTG	-5.29	0.937853107
GAGTG	-5.66	0.8960451979999999
TAGTG	-5.23	0.944632768
NAGTG	-5.59	0.9039548022499999
ACGTG	-5.15	0.9536723159999999
CCGTG	-5.12	0.957062147
GCGTG	-5.03	0.967231638
TCGTG	-5.22	0.9457627120000001
NCGTG	-5.13	0.95593220325
AGGTG	-5.6	0.9028248590000001
CGGTG	-5.25	0.9423728809999999
GGGTG	-5.32	0.934463277
TGGTG	-5.36	0.929943503
NGGTG	-5.3825	0.92740113
ATGTG	-5.49	0.9152542370000001
CTGTG	-5.48	0.916384181
GTGTG	-5.0	0.970621469
TTGTG	-5.43	0.922033898
NTGTG	-5.35	0.93107344625
ANGTG	-5.605	0.902259887
CNGTG	-5.285	0.9384180790000001
GNGTG	-5.2525	0.9420903955
TNGTG	-5.31	0.93559322025
NNGTG	-5.363125	0.9295903954375001
AATTG	-8.77	0.5446327679999999
CATTG	-7.96	0.636158192
GATTG	-7.97	0.635028249
TATTG	-7.75	0.659887006
NATTG	-8.1125	0.6189265537499999
ACTTG	-8.0	0.631638418
CCTTG	-7.76	0.6587570620000001
GCTTG	-7.56	0.681355932
TCTTG	-7.69	0.666666667
NCTTG	-7.7525	0.65960451975
AGTTG	-8.34	0.5932203389999999
CGTTG	-7.6	0.676836158
GGTTG	-7.82	0.651977401
TGTTG	-7.46	0.6926553670000001
NGTTG	-7.805	0.65367231625
ATTTG	-9.88	0.41920904
CTTTG	-8.76	0.545762712
GTTTG	-8.27	0.601129944
TTTTG	-8.76	0.545762712
NTTTG	-8.9175	0.527966102
ANTTG	-8.7475	0.54717514125
CNTTG	-8.02	0.6293785310000001
GNTTG	-7.905	0.6423728815
TNTTG	-7.915000000000001	0.6412429380000001
NNTTG	-8.146875	0.6150423729375001
AANTG	-7.5675	0.68050847475
CANTG	-6.625	0.7870056495
GANTG	-6.932499999999999	0.752259887
TANTG	-6.5475	0.7957627119999999
NANTG	-6.918124999999999	0.7538841808124999
ACNTG	-6.52	0.79887005625
CCNTG	-6.3025	0.8234463277500002
GCNTG	-6.255	0.8288135589999999
TCNTG	-6.3125	0.82231638425
NCNTG	-6.3475	0.8183615818125
AGNTG	-6.84	0.7627118645
CGNTG	-6.452500000000001	0.806497175
GGNTG	-6.565	0.7937853107499999
TGNTG	-6.345	0.81864406775
NGNTG	-6.550624999999999	0.7954096045000002
ATNTG	-7.1425	0.7285310735000001
CTNTG	-6.779999999999999	0.7694915255000001
GTNTG	-6.3475	0.8183615820000001
TTNTG	-6.7575	0.77203389825
NTNTG	-6.756875	0.7721045198125001
ANNTG	-7.017499999999999	0.7426553672499999
CNNTG	-6.539999999999999	0.7966101694375
GNNTG	-6.5249999999999995	0.7983050846874999
TNNTG	-6.490625	0.8021892655625001
NNNTG	-6.6432812499999985	0.7849399717343748
AAANG	-9.2225	0.493502825
CAANG	-8.02	0.6293785310000001
GAANG	-8.280000000000001	0.6000000000000001
TAANG	-7.7875	0.65564971775
NAANG	-8.3275	0.5946327684375
ACANG	-7.115	0.731638418
CCANG	-6.8149999999999995	0.765536723
GCANG	-6.845000000000001	0.7621468924999999
TCANG	-6.965	0.7485875705
NCANG	-6.934999999999999	0.7519774009999999
AGANG	-7.5875	0.6782485875
CGANG	-7.452500000000001	0.693502825
GGANG	-7.4625	0.6923728815
TGANG	-7.2124999999999995	0.7206214689999999
NGANG	-7.428749999999999	0.6961864407499999
ATANG	-7.1425	0.72853107325
CTANG	-7.050000000000001	0.7389830507499999
GTANG	-6.85	0.76158192075
TTANG	-6.935	0.751977401
NTANG	-6.994374999999998	0.7452683614375
ANANG	-7.766875	0.6579802259375
CNANG	-7.334375	0.7068502824375
GNANG	-7.359374999999998	0.7040254236874999
TNANG	-7.224999999999998	0.7192090395624999
NNANG	-7.4214062499999995	0.6970162429062501
AACNG	-5.7675	0.88389830525
CACNG	-5.285	0.938418079
GACNG	-5.485	0.915819209
TACNG	-5.275	0.9395480225
NACNG	-5.453125000000001	0.9194209039375002
ACCNG	-5.445	0.920338983
CCCNG	-5.2425	0.9432203389999999
GCCNG	-5.3475	0.931355932
TCCNG	-5.285	0.93841807925
NCCNG	-5.329999999999999	0.9333333333124999
AGCNG	-5.4675	0.91779661025
CGCNG	-5.0575	0.9641242935000001
GGCNG	-5.2425	0.94322033875
TGCNG	-5.0225	0.968079096
NGCNG	-5.1975	0.9483050846250002
ATCNG	-5.467499999999999	0.9177966100000001
CTCNG	-5.255	0.94180790925
GTCNG	-5.27	0.9401129942500001
TTCNG	-5.4975000000000005	0.9144067794999999
NTCNG	-5.3725	0.9285310732500001
ANCNG	-5.536875	0.909957627125
CNCNG	-5.21	0.9468926551875001
GNCNG	-5.33625	0.9326271184999999
TNCNG	-5.27	0.9401129943125002
NNCNG	-5.338281250000001	0.9323975987812504
AAGNG	-5.8675	0.87259887025
CAGNG	-5.4425	0.9206214687500001
GAGNG	-5.6075	0.901977401
TAGNG	-5.295	0.9372881355
NAGNG	-5.553125	0.9081214688749999
ACGNG	-5.195	0.9485875705
CCGNG	-4.9625	0.974858757
GCGNG	-5.0275	0.9675141239999999
TCGNG	-5.0249999999999995	0.9677966100000001
NCGNG	-5.0525	0.9646892653750001
AGGNG	-5.445	0.9203389829999999
CGGNG	-5.285	0.9384180787499999
GGGNG	-5.235	0.9440677965
TGGNG	-5.38	0.92768361575
NGGNG	-5.336250000000001	0.9326271185000002
ATGNG	-5.300000000000001	0.93672316375
CTGNG	-5.15	0.95367231625
GTGNG	-5.0525	0.9646892655
TTGNG	-5.3525	0.9307909602500001
NTGNG	-5.213750000000001	0.9464689264375
ANGNG	-5.451875	0.9195621468750002
CNGNG	-5.210000000000001	0.9468926551875001
GNGNG	-5.230625	0.9445621467499998
TNGNG	-5.2631250000000005	0.9408898303750002
NNGNG	-5.288906250000001	0.9379766947968748
AATNG	-7.88	0.6451977402500001
CATNG	-7.4125	0.698022599
GATNG	-7.4175	0.6974576272499999
TATNG	-7.0925	0.734180791
NATNG	-7.450624999999999	0.6937146893749999
ACTNG	-7.38	0.701694915
CCTNG	-7.1425	0.7285310732499999
GCTNG	-7.039999999999999	0.74011299425
TCTNG	-7.0325	0.7409604519999999
NCTNG	-7.148750000000001	0.7278248586249999
AGTNG	-7.6450000000000005	0.6717514124999999
CGTNG	-7.045	0.7395480225
GGTNG	-7.375	0.702259887
TGTNG	-6.977500000000001	0.74717514125
NGTNG	-7.260624999999998	0.7151836158125001
ATTNG	-8.0875	0.6217514125000001
CTTNG	-7.737499999999999	0.6612994350000001
GTTNG	-7.495	0.688700565
TTTNG	-7.9125	0.6415254237500001
NTTNG	-7.808125	0.6533192090625001
ANTNG	-7.748124999999999	0.6600988700625
CNTNG	-7.334375	0.7068502824374999
GNTNG	-7.331874999999999	0.7071327683750002
TNTNG	-7.253749999999999	0.715960452
NNTNG	-7.417031250000001	0.6975105932187501
AANNG	-7.184375	0.7237994351875
CANNG	-6.54	0.7966101694375001
GANNG	-6.6975	0.7788135593124998
TANNG	-6.362499999999999	0.8166666666875
NANNG	-6.696093749999999	0.7789724576562502
ACNNG	-6.28375	0.8255649716250001
CCNNG	-6.040625	0.8530367230625
GCNNG	-6.065	0.8502824856875
TCNNG	-6.076875	0.8489406779374999
NCNNG	-6.1165625000000015	0.8444562145781254
AGNNG	-6.536249999999999	0.7970338983125
CGNNG	-6.21	0.8338983049375002
GGNNG	-6.328749999999999	0.8204802259375
TGNNG	-6.1481249999999985	0.8408898305000001
NGNNG	-6.305781250000001	0.8230755649218752
ATNNG	-6.499375	0.8012005648750001
CTNNG	-6.298125	0.8239406778125
GTNNG	-6.166874999999999	0.8387711863749999
TTNNG	-6.424375	0.8096751411250002
NTNNG	-6.347187499999999	0.818396892546875
ANNNG	-6.625937499999999	0.7868997175
CNNNG	-6.2721875	0.8268714688125005
GNNNG	-6.31453125	0.8220868643281254
TNNNG	-6.252968749999999	0.8290430790624999
NNNNG	-6.366406250000001	0.8162252824257807
AAAAT	-10.8	0.315254237
CAAAT	-9.88	0.41920904
GAAAT	-9.42	0.471186441
TAAAT	-8.29	0.598870056
NAAAT	-9.5975	0.45112994349999996
ACAAT	-7.49	0.689265537
CCAAT	-7.32	0.708474576
GCAAT	-7.61	0.675706215
TCAAT	-7.28	0.71299435
NCAAT	-7.425000000000001	0.6966101695
AGAAT	-8.34	0.5932203389999999
CGAAT	-7.92	0.640677966
GGAAT	-8.21	0.607909605
TGAAT	-7.69	0.666666667
NGAAT	-8.04	0.62711864425
ATAAT	-7.69	0.666666667
CTAAT	-7.23	0.718644068
GTAAT	-7.55	0.682485876
TTAAT	-7.47	0.691525424
NTAAT	-7.485	0.68983050875
ANAAT	-8.58	0.566101695
CNAAT	-8.087500000000002	0.6217514125
GNAAT	-8.1975	0.60932203425
TNAAT	-7.6825	0.66751412425
NNAAT	-8.136875	0.6161723165
AACAT	-6.1	0.846327684
CACAT	-5.49	0.9152542370000001
GACAT	-5.65	0.897175141
TACAT	-5.43	0.922033898
NACAT	-5.6675	0.8951977400000001
ACCAT	-5.41	0.924293785
CCCAT	-5.37	0.9288135590000001
GCCAT	-5.43	0.922033898
TCCAT	-5.3	0.9367231640000001
NCCAT	-5.3775	0.9279661015
AGCAT	-5.39	0.926553672
CGCAT	-4.96	0.9751412429999999
GGCAT	-5.23	0.944632768
TGCAT	-5.1	0.959322034
NGCAT	-5.17	0.95141242925
ATCAT	-6.07	0.8497175140000001
CTCAT	-5.38	0.9276836159999999
GTCAT	-5.56	0.907344633
TTCAT	-5.57	0.906214689
NTCAT	-5.645	0.897740113
ANCAT	-5.7425	0.8867231637499999
CNCAT	-5.3	0.93672316375
GNCAT	-5.4675	0.91779661
TNCAT	-5.35	0.93107344625
NNCAT	-5.465	0.9180790959374999
AAGAT	-6.56	0.794350282
CAGAT	-5.82	0.877966102
GAGAT	-5.95	0.8632768359999999
TAGAT	-5.6	0.9028248590000001
NAGAT	-5.9825	0.85960451975
ACGAT	-5.77	0.8836158190000001
CCGAT	-5.15	0.9536723159999999
GCGAT	-5.24	0.943502825
TCGAT	-5.43	0.922033898
NCGAT	-5.3975	0.9257062145
AGGAT	-5.71	0.89039548
CGGAT	-5.43	0.922033898
GGGAT	-5.67	0.894915254
TGGAT	-5.61	0.901694915
NGGAT	-5.605	0.90225988675
ATGAT	-6.07	0.8497175140000001
CTGAT	-5.47	0.9175141240000001
GTGAT	-5.68	0.8937853109999999
TTGAT	-5.64	0.898305085
NTGAT	-5.715	0.8898305085
ANGAT	-6.0275	0.85451977375
CNGAT	-5.467499999999999	0.91779661
GNGAT	-5.635	0.8988700565
TNGAT	-5.57	0.90621468925
NNGAT	-5.675000000000002	0.8943502823750001
AATAT	-7.65	0.6711864409999999
CATAT	-7.38	0.701694915
GATAT	-7.44	0.6949152540000001
TATAT	-6.79	0.768361582
NATAT	-7.315	0.709039548
ACTAT	-7.21	0.720903955
CCTAT	-6.95	0.7502824859999999
GCTAT	-7.0	0.744632768
TCTAT	-6.96	0.749152542
NCTAT	-7.03	0.74124293775
AGTAT	-7.14	0.7288135590000001
CGTAT	-6.78	0.769491525
GGTAT	-7.03	0.741242938
TGTAT	-6.9	0.755932203
NGTAT	-6.9625	0.74887005625
ATTAT	-7.69	0.666666667
CTTAT	-7.46	0.6926553670000001
GTTAT	-7.36	0.703954802
TTTAT	-7.46	0.6926553670000001
NTTAT	-7.492500000000001	0.68898305075
ANTAT	-7.4225	0.6968926555
CNTAT	-7.1425	0.72853107325
GNTAT	-7.2075000000000005	0.7211864405
TNTAT	-7.0275	0.7415254235000001
NNTAT	-7.199999999999999	0.7220338981875
AANAT	-7.7775	0.6567796610000001
CANAT	-7.1425	0.7285310735
GANAT	-7.115	0.731638418
TANAT	-6.5275	0.79802259875
NANAT	-7.140625	0.7287429378125
ACNAT	-6.470000000000001	0.8045197740000001
CCNAT	-6.197500000000001	0.8353107342499999
GCNAT	-6.32	0.8214689264999999
TCNAT	-6.2425	0.8302259885000001
NCNAT	-6.307499999999998	0.8228813558125001
AGNAT	-6.6450000000000005	0.7847457625
CGNAT	-6.2725	0.826836158
GGNAT	-6.535	0.7971751412500001
TGNAT	-6.324999999999999	0.82090395475
NGNAT	-6.444375	0.807415254125
ATNAT	-6.880000000000001	0.7581920905
CTNAT	-6.385	0.8141242937500001
GTNAT	-6.5375	0.7968926555
TTNAT	-6.535	0.79717514125
NTNAT	-6.584375	0.79159604525
ANNAT	-6.943125	0.751059322
CNNAT	-6.499375000000001	0.801200564875
GNNAT	-6.626874999999999	0.7867937853125
TNNAT	-6.4075	0.8115819208125001
NNNAT	-6.619218749999997	0.7876588982499999
AAACT	-9.29	0.485875706
CAACT	-8.34	0.5932203389999999
GAACT	-8.35	0.592090395
TAACT	-7.89	0.644067797
NAACT	-8.4675	0.57881355925
ACACT	-7.06	0.7378531070000001
CCACT	-6.85	0.761581921
GCACT	-7.05	0.738983051
TCACT	-7.2	0.722033898
NCACT	-7.04	0.74011299425
AGACT	-7.39	0.700564972
CGACT	-7.96	0.636158192
GGACT	-7.68	0.66779661
TGACT	-7.61	0.675706215
NGACT	-7.66	0.6700564972499999
ATACT	-7.14	0.7288135590000001
CTACT	-7.43	0.696045198
GTACT	-6.89	0.7570621470000001
TTACT	-7.46	0.6926553670000001
NTACT	-7.23	0.71864406775
ANACT	-7.72	0.6632768360000001
CNACT	-7.645	0.6717514124999999
GNACT	-7.4925	0.68898305075
TNACT	-7.54	0.68361581925
NNACT	-7.599375	0.6769067796250001
AACCT	-6.11	0.84519774
CACCT	-5.6	0.9028248590000001
GACCT	-6.0	0.8576271190000001
TACCT	-5.71	0.89039548
NACCT	-5.855	0.8740112995
ACCCT	-5.71	0.89039548
CCCCT	-5.38	0.9276836159999999
GCCCT	-5.05	0.964971751
TCCCT	-5.38	0.9276836159999999
NCCCT	-5.38	0.92768361575
AGCCT	-5.6	0.9028248590000001
CGCCT	-5.21	0.946892655
GGCCT	-5.29	0.937853107
TGCCT	-5.2	0.9480225990000001
NGCCT	-5.324999999999999	0.933898305
ATCCT	-5.71	0.89039548
CTCCT	-5.59	0.903954802
GTCCT	-5.48	0.916384181
TTCCT	-5.71	0.89039548
NTCCT	-5.6225000000000005	0.9002824857499999
ANCCT	-5.782500000000001	0.88220338975
CNCCT	-5.445	0.9203389829999999
GNCCT	-5.455	0.9192090395000001
TNCCT	-5.5	0.91412429375
NNCCT	-5.545625	0.9089689264999999
AAGCT	-6.03	0.854237288
CAGCT	-5.64	0.898305085
GAGCT	-5.79	0.8813559320000001
TAGCT	-5.53	0.9107344629999999
NAGCT	-5.7475000000000005	0.8861581919999999
ACGCT	-5.17	0.9514124290000001
CCGCT	-5.0	0.970621469
GCGCT	-5.21	0.946892655
TCGCT	-5.16	0.952542373
NCGCT	-5.135	0.9553672315
AGGCT	-5.6	0.9028248590000001
CGGCT	-5.53	0.9107344629999999
GGGCT	-5.43	0.922033898
TGGCT	-6.02	0.855367232
NGGCT	-5.645	0.897740113
ATGCT	-5.39	0.926553672
CTGCT	-5.7	0.891525424
GTGCT	-5.27	0.940112994
TTGCT	-5.93	0.865536723
NTGCT	-5.5725	0.90593220325
ANGCT	-5.547499999999999	0.9087570620000001
CNGCT	-5.4675	0.91779661025
GNGCT	-5.425	0.92259886975
TNGCT	-5.66	0.8960451977499999
NNGCT	-5.525	0.9112994349375001
AATCT	-9.5	0.46214689299999995
CATCT	-7.78	0.656497175
GATCT	-8.19	0.610169492
TATCT	-7.46	0.6926553670000001
NATCT	-8.2325	0.6053672317500001
ACTCT	-7.36	0.703954802
CCTCT	-7.16	0.726553672
GCTCT	-7.25	0.7163841809999999
TCTCT	-7.34	0.7062146890000001
NCTCT	-7.2775	0.7132768359999999
AGTCT	-7.39	0.700564972
CGTCT	-7.44	0.6949152540000001
GGTCT	-7.44	0.6949152540000001
TGTCT	-7.28	0.71299435
NGTCT	-7.3875	0.7008474575000001
ATTCT	-8.34	0.5932203389999999
CTTCT	-7.97	0.635028249
GTTCT	-7.86	0.647457627
TTTCT	-8.05	0.625988701
NTTCT	-8.055	0.625423729
ANTCT	-8.1475	0.6149717514999999
CNTCT	-7.5875	0.6782485875
GNTCT	-7.685	0.6672316385
TNTCT	-7.532500000000001	0.6844632767500001
NNTCT	-7.738125	0.6612288135625001
AANCT	-7.7325	0.6618644067499999
CANCT	-6.84	0.7627118645000001
GANCT	-7.0825	0.7353107345000001
TANCT	-6.6475	0.7844632767499999
NANCT	-7.075625	0.7360875706250002
ACNCT	-6.324999999999999	0.8209039545000001
CCNCT	-6.0975	0.8466101695
GCNCT	-6.14	0.8418079095
TCNCT	-6.2700000000000005	0.827118644
NCNCT	-6.208125	0.8341101693749999
AGNCT	-6.494999999999999	0.8016949155
CGNCT	-6.535	0.797175141
GGNCT	-6.46	0.80564971725
TGNCT	-6.5275	0.798022599
NGNCT	-6.504375	0.8006355931875001
ATNCT	-6.645	0.7847457625
CTNCT	-6.672499999999999	0.78163841825
GTNCT	-6.375	0.81525423725
TTNCT	-6.7875000000000005	0.7686440677499999
NTNCT	-6.620000000000001	0.7875706214375
ANNCT	-6.799375	0.7673022598125001
CNNCT	-6.53625	0.7970338983124999
GNNCT	-6.514374999999999	0.7995056496249999
TNNCT	-6.558125	0.794562146875
NNNCT	-6.602031249999998	0.7896009886562502
AAAGT	-11.84	0.197740113
CAAGT	-8.0	0.631638418
GAAGT	-8.32	0.5954802260000001
TAAGT	-7.98	0.633898305
NAAGT	-9.035	0.5146892654999999
ACAGT	-7.1	0.7333333329999999
CCAGT	-6.86	0.760451977
GCAGT	-6.89	0.7570621470000001
TCAGT	-6.81	0.766101695
NCAGT	-6.915	0.754237288
AGAGT	-7.36	0.703954802
CGAGT	-7.3	0.710734463
GGAGT	-7.61	0.675706215
TGAGT	-7.4	0.699435028
NGAGT	-7.4175	0.697457627
ATAGT	-7.21	0.720903955
CTAGT	-7.36	0.703954802
GTAGT	-6.99	0.745762712
TTAGT	-6.95	0.7502824859999999
NTAGT	-7.1275	0.73022598875
ANAGT	-8.3775	0.58898305075
CNAGT	-7.38	0.701694915
GNAGT	-7.452500000000001	0.693502825
TNAGT	-7.284999999999999	0.7124293785
NNAGT	-7.62375	0.6741525423124999
AACGT	-5.89	0.870056497
CACGT	-5.15	0.9536723159999999
GACGT	-5.56	0.907344633
TACGT	-5.15	0.9536723159999999
NACGT	-5.4375	0.9211864405
ACCGT	-5.47	0.9175141240000001
CCCGT	-5.36	0.929943503
GCCGT	-5.1	0.959322034
TCCGT	-5.19	0.949152542
NCCGT	-5.28	0.9389830507500001
AGCGT	-5.17	0.9514124290000001
CGCGT	-4.86	0.986440678
GGCGT	-5.1	0.959322034
TGCGT	-4.74	1.0
NGCGT	-4.9675	0.97429378525
ATCGT	-5.77	0.8836158190000001
CTCGT	-5.41	0.924293785
GTCGT	-5.43	0.922033898
TTCGT	-5.3	0.9367231640000001
NTCGT	-5.4775	0.9166666665000001
ANCGT	-5.575	0.90564971725
CNCGT	-5.195	0.9485875705
GNCGT	-5.297499999999999	0.93700564975
TNCGT	-5.095	0.9598870055
NNCGT	-5.2906249999999995	0.93778248575
AAGGT	-6.44	0.807909605
CAGGT	-5.73	0.888135593
GAGGT	-6.05	0.851977401
TAGGT	-5.64	0.898305085
NAGGT	-5.965000000000001	0.861581921
ACGGT	-5.47	0.9175141240000001
CCGGT	-5.16	0.952542373
GCGGT	-5.23	0.944632768
TCGGT	-5.09	0.9604519770000001
NCGGT	-5.2375	0.9437853105
AGGGT	-5.71	0.89039548
CGGGT	-5.59	0.903954802
GGGGT	-5.66	0.8960451979999999
TGGGT	-5.67	0.894915254
NGGGT	-5.657500000000001	0.8963276835
ATGGT	-5.41	0.924293785
CTGGT	-5.3	0.9367231640000001
GTGGT	-5.43	0.922033898
TTGGT	-5.8	0.880225989
NTGGT	-5.485	0.915819209
ANGGT	-5.7575	0.8850282485000001
CNGGT	-5.445	0.9203389829999999
GNGGT	-5.5925	0.90367231625
TNGGT	-5.55	0.90847457625
NNGGT	-5.586249999999999	0.904378531
AATGT	-8.64	0.559322034
CATGT	-7.2	0.722033898
GATGT	-7.6	0.676836158
TATGT	-7.31	0.70960452
NATGT	-7.687499999999999	0.6669491525
ACTGT	-7.1	0.7333333329999999
CCTGT	-6.94	0.751412429
GCTGT	-6.99	0.745762712
TCTGT	-7.09	0.734463277
NCTGT	-7.03	0.74124293775
AGTGT	-7.06	0.7378531070000001
CGTGT	-6.83	0.763841808
GGTGT	-7.06	0.7378531070000001
TGTGT	-6.78	0.769491525
NGTGT	-6.9325	0.75225988675
ATTGT	-7.49	0.689265537
CTTGT	-7.49	0.689265537
GTTGT	-6.99	0.745762712
TTTGT	-7.86	0.647457627
NTTGT	-7.4575	0.69293785325
ANTGT	-7.5725	0.67994350275
CNTGT	-7.115	0.731638418
GNTGT	-7.16	0.72655367225
TNTGT	-7.26	0.71525423725
NNTGT	-7.276874999999999	0.7133474575625001
AANGT	-8.2025	0.60875706225
CANGT	-6.5200000000000005	0.79887005625
GANGT	-6.8825	0.7579096045
TANGT	-6.52	0.7988700565
NANGT	-7.03125	0.741101694875
ACNGT	-6.285	0.8254237285
CCNGT	-6.080000000000001	0.8485875705
GCNGT	-6.0525	0.85169491525
TCNGT	-6.045	0.85254237275
NCNGT	-6.115625	0.84456214675
AGNGT	-6.325	0.8209039545000001
CGNGT	-6.145	0.84124293775
GGNGT	-6.3575	0.8172316385
TGNGT	-6.147500000000001	0.8409604517499999
NGNGT	-6.24375	0.8300847456249999
ATNGT	-6.470000000000001	0.8045197740000001
CTNGT	-6.390000000000001	0.8135593220000001
GTNGT	-6.210000000000001	0.833898305
TTNGT	-6.4775	0.8036723165
NTNGT	-6.386874999999999	0.813912429375
ANNGT	-6.820624999999999	0.7649011298125
CNNGT	-6.2837499999999995	0.8255649716250001
GNNGT	-6.375624999999999	0.8151836158125
TNNGT	-6.2975	0.8240112993749998
NNNGT	-6.444375000000002	0.80741525415625
AAATT	-13.59	0.0
CAATT	-8.77	0.5446327679999999
GAATT	-10.92	0.301694915
TAATT	-8.38	0.588700565
NAATT	-10.415000000000001	0.358757062
ACATT	-8.64	0.559322034
CCATT	-7.27	0.7141242940000001
GCATT	-7.51	0.68700565
TCATT	-8.13	0.616949153
NCATT	-7.887500000000001	0.6443502827500001
AGATT	-9.5	0.46214689299999995
CGATT	-7.97	0.635028249
GGATT	-8.4	0.586440678
TGATT	-8.06	0.624858757
NGATT	-8.4825	0.57711864425
ATATT	-7.65	0.6711864409999999
CTATT	-7.51	0.68700565
GTATT	-7.43	0.696045198
TTATT	-7.48	0.69039548
NTATT	-7.5175	0.6861581922499999
ANATT	-9.845	0.42316384199999996
CNATT	-7.879999999999999	0.64519774025
GNATT	-8.565	0.5677966102500001
TNATT	-8.0125	0.63022598875
NNATT	-8.575625	0.5665960453125
AACTT	-6.51	0.8
CACTT	-6.18	0.837288136
GACTT	-6.55	0.7954802259999999
TACTT	-6.34	0.81920904
NACTT	-6.395	0.8129943505
ACCTT	-6.44	0.807909605
CCCTT	-5.82	0.877966102
GCCTT	-5.64	0.898305085
TCCTT	-6.03	0.854237288
NCCTT	-5.982500000000001	0.85960452
AGCTT	-6.03	0.854237288
CGCTT	-5.65	0.897175141
GGCTT	-6.1	0.846327684
TGCTT	-5.99	0.858757062
NGCTT	-5.942500000000001	0.86412429375
ATCTT	-6.56	0.794350282
CTCTT	-5.82	0.877966102
GTCTT	-5.94	0.86440678
TTCTT	-6.03	0.854237288
NTCTT	-6.0875	0.847740113
ANCTT	-6.385	0.81412429375
CNCTT	-5.8675	0.87259887025
GNCTT	-6.0575	0.85112994375
TNCTT	-6.0975	0.8466101695000001
NNCTT	-6.101875	0.8461158193125001
AAGTT	-6.51	0.8
CAGTT	-5.9	0.8689265540000001
GAGTT	-6.33	0.820338983
TAGTT	-6.41	0.811299435
NAGTT	-6.2875000000000005	0.825141243
ACGTT	-5.89	0.870056497
CCGTT	-5.66	0.8960451979999999
GCGTT	-5.56	0.907344633
TCGTT	-5.64	0.898305085
NCGTT	-5.6875	0.89293785325
AGGTT	-6.11	0.84519774
CGGTT	-5.76	0.884745763
GGGTT	-6.0	0.8576271190000001
TGGTT	-6.24	0.830508475
NGGTT	-6.0275	0.8545197742499999
ATGTT	-6.1	0.846327684
CTGTT	-5.75	0.885875706
GTGTT	-5.66	0.8960451979999999
TTGTT	-6.22	0.832768362
NTGTT	-5.932499999999999	0.8652542375
ANGTT	-6.1525	0.84039548025
CNGTT	-5.7675	0.88389830525
GNGTT	-5.8875	0.87033898325
TNGTT	-6.1274999999999995	0.8432203392500001
NNGTT	-5.98375	0.8594632769999999
AATTT	-13.59	0.0
CATTT	-9.42	0.471186441
GATTT	-8.76	0.545762712
TATTT	-8.51	0.574011299
NATTT	-10.069999999999999	0.397740113
ACTTT	-11.84	0.197740113
CCTTT	-8.81	0.540112994
GCTTT	-8.76	0.545762712
TCTTT	-8.79	0.542372881
NCTTT	-9.549999999999999	0.456497175
AGTTT	-9.29	0.485875706
CGTTT	-8.27	0.601129944
GGTTT	-9.12	0.505084746
TGTTT	-8.05	0.625988701
NGTTT	-8.682500000000001	0.5545197742500001
ATTTT	-10.8	0.315254237
CTTTT	-10.39	0.36158192100000003
GTTTT	-8.97	0.522033898
TTTTT	-10.1	0.39435028200000005
NTTTT	-10.065000000000001	0.3983050845
ANTTT	-11.379999999999999	0.249717514
CNTTT	-9.2225	0.493502825
GNTTT	-8.9025	0.529661017
TNTTT	-8.862499999999999	0.53418079075
NNTTT	-9.591874999999998	0.45176553668749997
AANTT	-10.05	0.4
CANTT	-7.567500000000001	0.68050847475
GANTT	-8.139999999999999	0.615819209
TANTT	-7.41	0.69830508475
NANTT	-8.291875000000001	0.598658192125
ACNTT	-8.2025	0.60875706225
CCNTT	-6.890000000000001	0.7570621470000001
GCNTT	-6.8675	0.75960452
TCNTT	-7.1475	0.72796610175
NCNTT	-7.276875	0.71334745775
AGNTT	-7.7325	0.6618644067499999
CGNTT	-6.9125000000000005	0.75451977425
GGNTT	-7.404999999999999	0.69887005675
TGNTT	-7.085	0.73502824875
NGNTT	-7.2837499999999995	0.7125706216250001
ATNTT	-7.777500000000001	0.656779661
CTNTT	-7.3675	0.70310734475
GTNTT	-7.0	0.7446327685
TTNTT	-7.4575	0.692937853
NTNTT	-7.400625	0.6993644068125
ANNTT	-8.440625	0.5818502824999999
CNNTT	-7.184375	0.7237994351875
GNNTT	-7.353125	0.7047316385625001
TNNTT	-7.2749999999999995	0.7135593220625001
NNNTT	-7.563281250000002	0.6809851695781249
AAANT	-11.379999999999999	0.24971751400000003
CAANT	-8.747499999999999	0.54717514125
GAANT	-9.2525	0.49011299425
TAANT	-8.135	0.61638418075
NAANT	-9.378749999999998	0.47584745756249996
ACANT	-7.5725	0.67994350275
CCANT	-7.075	0.736158192
GCANT	-7.265000000000001	0.71468926575
TCANT	-7.355	0.704519774
NCANT	-7.3168750000000005	0.7088276836249999
AGANT	-8.1475	0.6149717514999999
CGANT	-7.7875	0.6556497175
GGANT	-7.975	0.634463277
TGANT	-7.690000000000001	0.6666666667500001
NGANT	-7.9	0.6429378531875
ATANT	-7.422499999999999	0.6968926554999999
CTANT	-7.3825	0.7014124295
GTANT	-7.215	0.72033898325
TTANT	-7.34	0.70621468925
NTANT	-7.340000000000001	0.706214689375
ANANT	-8.630625	0.5603813559374999
CNANT	-7.748125	0.6600988700624999
GNANT	-7.926875000000001	0.6399011300625
TNANT	-7.630000000000001	0.6734463276875
NNANT	-7.983906249999999	0.6334569209375003
AACNT	-6.1525	0.84039548025
CACNT	-5.605	0.902259887
GACNT	-5.94	0.86440677975
TACNT	-5.6575	0.8963276835
NACNT	-5.83875	0.8758474576250002
ACCNT	-5.7575	0.8850282485000001
CCCNT	-5.4825	0.916101695
GCCNT	-5.305	0.9361581920000001
TCCNT	-5.4750000000000005	0.9169491525
NCCNT	-5.505	0.9135593220000001
AGCNT	-5.547499999999999	0.9087570620000001
CGCNT	-5.17	0.95141242925
GGCNT	-5.43	0.92203389825
TGCNT	-5.2575	0.94152542375
NGCNT	-5.35125	0.9309322033124999
ATCNT	-6.0275	0.85451977375
CTCNT	-5.55	0.9084745762499999
GTCNT	-5.6025	0.902542373
TTCNT	-5.652500000000001	0.8968926552500001
NTCNT	-5.708125000000001	0.8906073445625
ANCNT	-5.871250000000001	0.8721751411249999
CNCNT	-5.451874999999999	0.919562146875
GNCNT	-5.569374999999999	0.90628531075
TNCNT	-5.510625	0.9129237287500002
NNCNT	-5.600781249999998	0.9027365818750002
AAGNT	-6.385	0.81412429375
CAGNT	-5.772500000000001	0.8833333335
GAGNT	-6.029999999999999	0.854237288
TAGNT	-5.795	0.8807909605
NAGNT	-5.995625	0.8581214689375
ACGNT	-5.575	0.90564971725
CCGNT	-5.2425	0.9432203389999999
GCGNT	-5.31	0.93559322025
TCGNT	-5.33	0.93333333325
NCGNT	-5.364375	0.9294491524374999
AGGNT	-5.7825	0.88220338975
CGGNT	-5.577500000000001	0.9053672314999999
GGGNT	-5.6899999999999995	0.8926553672499999
TGGNT	-5.885	0.870621469
NGGNT	-5.73375	0.8877118643749999
ATGNT	-5.7425	0.8867231637500002
CTGNT	-5.555	0.9079096045000001
GTGNT	-5.51	0.91299435025
TTGNT	-5.8975	0.86920903975
NTGNT	-5.67625	0.8942090395625
ANGNT	-5.87125	0.872175141125
CNGNT	-5.536875	0.909957627125
GNGNT	-5.634999999999999	0.8988700564374998
TNGNT	-5.726874999999999	0.8884887006250001
NNGNT	-5.692500000000002	0.8923728813281253
AATNT	-9.844999999999999	0.42316384199999996
CATNT	-7.945	0.63785310725
GATNT	-7.997499999999999	0.631920904
TATNT	-7.5175	0.6861581920000001
NATNT	-8.326250000000002	0.5947740113125001
ACTNT	-8.377500000000001	0.58898305075
CCTNT	-7.465	0.6920903952499999
GCTNT	-7.5	0.68813559325
TCTNT	-7.545	0.68305084725
NCTNT	-7.721875000000001	0.663064971625
AGTNT	-7.72	0.6632768360000001
CGTNT	-7.33	0.7073446327499999
GGTNT	-7.6625	0.66977401125
TGTNT	-7.2525	0.7161016947500001
NGTNT	-7.491249999999999	0.6891242936875
ATTNT	-8.580000000000002	0.566101695
CTTNT	-8.3275	0.5946327685
GTTNT	-7.795	0.6548022597500001
TTTNT	-8.3675	0.5901129942500001
NTTNT	-8.267499999999998	0.601412429375
ANTNT	-8.630625	0.5603813559374999
CNTNT	-7.766875	0.6579802259375002
GNTNT	-7.7387500000000005	0.6611581920625
TNTNT	-7.670625	0.6688559320625
NNTNT	-7.951718750000001	0.6370939264999999
AANNT	-8.440625	0.5818502825
CANNT	-7.017500000000001	0.7426553672499998
GANNT	-7.305	0.7101694915000001
TANNT	-6.776250000000001	0.7699152541875
NANNT	-7.384843749999997	0.7011475988593747
ACNNT	-6.820625000000001	0.7649011298125001
CCNNT	-6.31625	0.8218926553124999
GCNNT	-6.345000000000001	0.8186440678124999
TCNNT	-6.426250000000001	0.8094632767500001
NCNNT	-6.477031249999998	0.8037252824218749
AGNNT	-6.7993749999999995	0.7673022598125
CGNNT	-6.46625	0.8049435027499998
GGNNT	-6.689375	0.7797316384374999
TGNNT	-6.521249999999999	0.7987288135625
NGNNT	-6.6190625	0.7876765536406253
ATNNT	-6.943125	0.751059322
CTNNT	-6.70375	0.7781073446875002
GTNNT	-6.530624999999999	0.7976694915624999
TTNNT	-6.814375	0.7656073446249999
NTNNT	-6.747968750000004	0.7731108757187504
ANNNT	-7.250937499999999	0.7162782485312499
CNNNT	-6.6259375	0.7868997175000002
GNNNT	-6.717500000000002	0.7765536723281252
TNNNT	-6.63453125	0.78592867228125
NNNNT	-6.807226562500001	0.7664150776601559
AAAAN	-10.065000000000001	0.3983050845
CAAAN	-8.9175	0.527966102
GAAAN	-9.082500000000001	0.5093220340000001
TAAAN	-8.165000000000001	0.6129943502499999
NAAAN	-9.0575	0.5121468926875001
ACAAN	-7.457500000000001	0.6929378532499999
CCAAN	-7.255	0.71581920875
GCAAN	-7.3975	0.69971751425
TCAAN	-7.315	0.709039548
NCAAN	-7.35625	0.7043785310625001
AGAAN	-8.055	0.625423729
CGAAN	-7.9125	0.64152542375
GGAAN	-7.9725	0.634745763
TGAAN	-7.5325	0.684463277
NGAAN	-7.868125000000001	0.6465395481874999
ATAAN	-7.492500000000001	0.68898305075
CTAAN	-7.1475	0.7279661017500001
GTAAN	-7.2675	0.71440677975
TTAAN	-7.32	0.70847457625
NTAAN	-7.306875	0.709957627125
ANAAN	-8.2675	0.6014124293750001
CNAAN	-7.808125	0.6533192090625
GNAAN	-7.930000000000001	0.6395480227499999
TNAAN	-7.583124999999999	0.678742937875
NNAAN	-7.897187500000001	0.6432556497656252
AACAN	-5.932499999999999	0.8652542375000001
CACAN	-5.35	0.9310734462500001
GACAN	-5.545	0.909039548
TACAN	-5.2625	0.94096045175
NACAN	-5.522499999999999	0.911581920875
ACCAN	-5.485	0.915819209
CCCAN	-5.2275	0.944915254
GCCAN	-5.2725	0.9398305082499999
TCCAN	-5.37	0.92881355925
NCCAN	-5.33875	0.932344632625
AGCAN	-5.5725	0.9059322032500001
CGCAN	-5.0325	0.9669491525
GGCAN	-5.25	0.94237288125
TGCAN	-5.084999999999999	0.961016949
NGCAN	-5.234999999999999	0.9440677965
ATCAN	-5.715	0.8898305085
CTCAN	-5.245	0.942937853
GTCAN	-5.297499999999999	0.9370056495
TTCAN	-5.3825	0.92740112975
NTCAN	-5.41	0.9242937851874999
ANCAN	-5.67625	0.8942090395625
CNCAN	-5.213749999999998	0.9464689264375
GNCAN	-5.341250000000001	0.93206214675
TNCAN	-5.275	0.9395480224374999
NNCAN	-5.376562500000001	0.9280720337968752
AAGAN	-6.0874999999999995	0.847740113
CAGAN	-5.7075	0.89067796625
GAGAN	-5.904999999999999	0.8683615819999999
TAGAN	-5.43	0.92203389825
NAGAN	-5.7825	0.8822033898750001
ACGAN	-5.4775	0.9166666665000001
CCGAN	-5.1	0.9593220335
GCGAN	-5.202500000000001	0.9477401129999999
TCGAN	-5.17	0.951412429
NCGAN	-5.237499999999999	0.9437853105
AGGAN	-5.6225000000000005	0.90028248575
CGGAN	-5.4825	0.91610169475
GGGAN	-5.475	0.9169491525
TGGAN	-5.595	0.9033898302500001
NGGAN	-5.543749999999999	0.9091807908125
ATGAN	-5.645	0.897740113
CTGAN	-5.2	0.9480225985
GTGAN	-5.3125	0.9353107344999999
TTGAN	-5.4825	0.91610169475
NTGAN	-5.409999999999999	0.9242937851875
ANGAN	-5.708125000000001	0.8906073445625
CNGAN	-5.372500000000002	0.9285310732500001
GNGAN	-5.473750000000001	0.9170903955
TNGAN	-5.419374999999999	0.9232344630625002
NNGAN	-5.4934375	0.9148658190937504
AATAN	-7.5175	0.68615819225
CATAN	-7.0525	0.73870056475
GATAN	-7.2075000000000005	0.7211864405
TATAN	-6.785	0.7689265535
NATAN	-7.140625	0.72874293775
ACTAN	-7.1275	0.73022598875
CCTAN	-6.88	0.7581920902499999
GCTAN	-6.9075	0.7550847457500001
TCTAN	-6.76	0.77175141225
NCTAN	-6.918749999999999	0.7538135592499999
AGTAN	-7.23	0.71864406775
CGTAN	-6.7225	0.7759887005
GGTAN	-7.1000000000000005	0.73333333325
TGTAN	-6.77	0.77062146875
NGTAN	-6.955625	0.7496468925625001
ATTAN	-7.485	0.68983050875
CTTAN	-7.322500000000001	0.7081920902500001
GTTAN	-7.16	0.7265536722500001
TTTAN	-7.26	0.7152542372499999
NTTAN	-7.306874999999999	0.709957627125
ANTAN	-7.340000000000001	0.7062146893750001
CNTAN	-6.994375	0.7452683614375
GNTAN	-7.093750000000001	0.7340395479375
TNTAN	-6.89375	0.7566384179375001
NNTAN	-7.080468749999999	0.7355402541718747
AANAN	-7.400625	0.6993644068125
CANAN	-6.756874999999999	0.7721045198125001
GANAN	-6.9350000000000005	0.7519774011250001
TANAN	-6.4106250000000005	0.8112288134375001
NANAN	-6.87578125	0.7586687852968751
ACNAN	-6.386874999999999	0.813912429375
CCNAN	-6.1156250000000005	0.844562146625
GCNAN	-6.194999999999999	0.8355932203125
TCNAN	-6.15375	0.8402542371249999
NCNAN	-6.2128125	0.8335805083593752
AGNAN	-6.62	0.7875706214375001
CGNAN	-6.2875	0.8251412428749999
GGNAN	-6.449375000000002	0.8068502825
TGNAN	-6.2456249999999995	0.8298728812499999
NGNAN	-6.400625	0.8123587570156252
ATNAN	-6.584375	0.7915960452499999
CTNAN	-6.22875	0.831779660875
GTNAN	-6.2593749999999995	0.8283192089999999
TTNAN	-6.361249999999998	0.8168079095000002
NTNAN	-6.358437500000001	0.8171257061562501
ANNAN	-6.74796875	0.7731108757187503
CNNAN	-6.3471874999999995	0.8183968925468751
GNNAN	-6.4596875	0.8056850282343752
TNNAN	-6.292812500000002	0.8245409603281251
NNNAN	-6.4619140625000036	0.8054334392070308
AAACN	-8.682500000000001	0.55451977425
CAACN	-7.805000000000001	0.65367231625
GAACN	-8.0875	0.62175141225
TAACN	-7.6525	0.670903955
NAACN	-8.056875	0.6252118644375
ACACN	-6.9325	0.7522598867500001
CCACN	-6.734999999999999	0.7745762712500001
GCACN	-6.775	0.77005649725
TCACN	-6.885	0.7576271185
NCACN	-6.831874999999999	0.7636299434375
AGACN	-7.3875	0.7008474575
CGACN	-7.5075	0.6872881355
GGACN	-7.4174999999999995	0.6974576269999999
TGACN	-7.3575	0.7042372882499999
NGACN	-7.417500000000001	0.6974576270625
ATACN	-6.9625	0.74887005625
CTACN	-6.995	0.7451977402500001
GTACN	-6.73	0.7751412427500001
TTACN	-7.135	0.729378531
NTACN	-6.9556249999999995	0.7496468925625002
ANACN	-7.491250000000001	0.6891242936875
CNACN	-7.260625000000001	0.7151836158125
GNACN	-7.2525	0.7161016948125001
TNACN	-7.257499999999999	0.7155367231875
NNACN	-7.315468750000001	0.7089865818750001
AACCN	-6.0275	0.85451977425
CACCN	-5.3825	0.92740113
GACCN	-5.7275	0.88841807925
TACCN	-5.4725	0.9172316385
NACCN	-5.652499999999999	0.8968926555000001
ACCCN	-5.657500000000001	0.8963276835
CCCCN	-5.3325	0.93305084725
GCCCN	-5.390000000000001	0.926553672
TCCCN	-5.4125	0.9240112994999999
NCCCN	-5.448124999999998	0.9199858755624999
AGCCN	-5.645	0.897740113
CGCCN	-5.17	0.9514124292500001
GGCCN	-5.365	0.92937853075
TGCCN	-5.155	0.9531073445000001
NGCCN	-5.33375	0.932909604375
ATCCN	-5.605	0.90225988675
CTCCN	-5.46	0.9186440674999999
GTCCN	-5.4375	0.9211864407500001
TTCCN	-5.6725	0.89463276825
NTCCN	-5.54375	0.9091807908125
ANCCN	-5.73375	0.8877118643750002
CNCCN	-5.33625	0.9326271184999998
GNCCN	-5.48	0.9163841806875002
TNCCN	-5.428125	0.9222457626875
NNCCN	-5.494531249999999	0.9147422315625003
AAGCN	-5.942500000000001	0.86412429375
CAGCN	-5.395	0.9259887005
GAGCN	-5.5975	0.9031073445
TAGCN	-5.3825	0.9274011297499999
NAGCN	-5.579375000000001	0.9051553671250002
ACGCN	-4.967499999999999	0.97429378525
CCGCN	-4.9175	0.9799435027500001
GCGCN	-4.9725	0.9737288132499999
TCGCN	-4.9525	0.9759887005
NCGCN	-4.9525	0.9759887004374999
AGGCN	-5.324999999999999	0.933898305
CGGCN	-5.28	0.9389830505000001
GGGCN	-5.295	0.9372881355
TGGCN	-5.435	0.9214689265
NGGCN	-5.333749999999999	0.932909604375
ATGCN	-5.17	0.9514124292499999
CTGCN	-5.1975	0.9483050847500001
GTGCN	-5.095	0.9598870055000001
TTGCN	-5.4775	0.9166666665000001
NTGCN	-5.234999999999999	0.9440677965
ANGCN	-5.351249999999999	0.9309322033124999
CNGCN	-5.1975	0.948305084625
GNGCN	-5.239999999999999	0.9435028246874999
TNGCN	-5.311874999999999	0.9353813558125
NNGCN	-5.275156249999998	0.9395303671093751
AATCN	-8.4825	0.5771186442499999
CATCN	-7.620000000000001	0.6745762712500001
GATCN	-7.82	0.6519774012499999
TATCN	-7.325	0.7079096042499999
NATCN	-7.811875	0.6528954802500001
ACTCN	-7.4175	0.697457627
CCTCN	-7.140000000000001	0.72881355925
GCTCN	-7.2075	0.72118644075
TCTCN	-7.205	0.7214689265
NCTCN	-7.2425	0.7172316383749999
AGTCN	-7.66	0.67005649725
CGTCN	-7.24	0.7175141242499999
GGTCN	-7.572500000000001	0.67994350275
TGTCN	-7.1975	0.722316384
NGTCN	-7.4175	0.6974576270625
ATTCN	-8.04	0.6271186442500001
CTTCN	-7.715	0.66384180825
GTTCN	-7.68	0.66779661025
TTTCN	-8.037500000000001	0.62740113
NTTCN	-7.868124999999999	0.6465395481875
ANTCN	-7.9	0.6429378531875001
CNTCN	-7.428749999999998	0.69618644075
GNTCN	-7.57	0.6802259887500001
TNTCN	-7.44125	0.6947740111875002
NNTCN	-7.585	0.6785310734687501
AANCN	-7.28375	0.712570621625
CANCN	-6.550625000000001	0.7954096045000002
GANCN	-6.8081249999999995	0.7663135593125
TANCN	-6.458125	0.805861581875
NANCN	-6.775156249999999	0.7700388418281251
ACNCN	-6.2437499999999995	0.8300847456249999
CCNCN	-6.03125	0.8540960451249999
GCNCN	-6.086249999999999	0.8478813558125
TCNCN	-6.11375	0.8447740112499998
NCNCN	-6.118750000000001	0.8442090394531252
AGNCN	-6.504374999999998	0.8006355931875001
CGNCN	-6.2993749999999995	0.823799434875
GGNCN	-6.4125	0.811016949
TGNCN	-6.28625	0.8252824858125001
NGNCN	-6.3756249999999985	0.8151836157187504
ATNCN	-6.444375	0.807415254125
CTNCN	-6.341874999999999	0.8189971751874999
GTNCN	-6.235625	0.8310028248124999
TTNCN	-6.580625	0.7920197739375
NTNCN	-6.400624999999998	0.8123587570156251
ANNCN	-6.619062499999999	0.7876765536406252
CNNCN	-6.305781249999998	0.8230755649218752
GNNCN	-6.385625000000002	0.8140536722343752
TNNCN	-6.359687499999997	0.8169844632187498
NNNCN	-6.417539062500003	0.8104475635039059
AAAGN	-9.55	0.45649717500000003
CAAGN	-7.7524999999999995	0.6596045197500001
GAAGN	-8.0075	0.6307909604999999
TAAGN	-7.72	0.6632768362500001
NAAGN	-8.2575	0.602542372875
ACAGN	-7.029999999999999	0.74124293775
CCAGN	-6.704999999999999	0.7779661012499999
GCAGN	-6.715	0.77683615825
TCAGN	-6.8675	0.75960451975
NCAGN	-6.829375	0.7639124292499999
AGAGN	-7.2775	0.713276836
CGAGN	-7.197500000000001	0.72231638425
GGAGN	-7.3575	0.7042372880000001
TGAGN	-7.137499999999999	0.7290960452499999
NGAGN	-7.2425	0.7172316383749999
ATAGN	-7.03	0.74124293775
CTAGN	-6.9399999999999995	0.7514124292500001
GTAGN	-6.84	0.7627118642499999
TTAGN	-6.864999999999999	0.75988700575
NTAGN	-6.918749999999999	0.7538135592499998
ANAGN	-7.721874999999999	0.663064971625
CNAGN	-7.14875	0.727824858625
GNAGN	-7.2299999999999995	0.7186440677499999
TNAGN	-7.1475	0.72796610175
NNAGN	-7.312031250000001	0.7093749999375002
AACGN	-5.6875	0.8929378532500001
CACGN	-5.130000000000001	0.9559322032500001
GACGN	-5.35	0.9310734462500001
TACGN	-5.08	0.9615819205
NACGN	-5.311875	0.9353813558125001
ACCGN	-5.2375	0.9437853105
CCCGN	-5.21	0.9468926555
GCCGN	-5.1125	0.9579096045
TCCGN	-5.0975	0.95960451975
NCCGN	-5.164375	0.9520480225625001
AGCGN	-5.135	0.9553672315000001
CGCGN	-4.795	0.9937853105
GGCGN	-5.092499999999999	0.9601694915
TGCGN	-4.7875	0.99463276825
NGCGN	-4.952499999999999	0.9759887004374999
ATCGN	-5.3975	0.9257062145
CTCGN	-5.074999999999999	0.9621468922499999
GTCGN	-5.1575	0.9528248585
TTCGN	-5.32	0.93446327675
NTCGN	-5.2375	0.9437853105000001
ANCGN	-5.364374999999999	0.9294491524374999
CNCGN	-5.0525	0.964689265375
GNCGN	-5.178125	0.9504943501875
TNCGN	-5.071249999999999	0.9625706213125
NNCGN	-5.166562500000002	0.9518008473281255
AAGGN	-5.982500000000001	0.85960452
CAGGN	-5.6	0.90282485875
GAGGN	-5.6850000000000005	0.893220339
TAGGN	-5.595000000000001	0.9033898305
NAGGN	-5.715625	0.8897598870624999
ACGGN	-5.279999999999999	0.9389830507500001
CCGGN	-5.05	0.9649717515
GCGGN	-5.1675	0.95169491525
TCGGN	-5.16	0.95254237275
NCGGN	-5.164375000000001	0.9520480225625001
AGGGN	-5.38	0.92768361575
CGGGN	-5.4725	0.91723163825
GGGGN	-5.3975	0.9257062145
TGGGN	-5.5425	0.9093220337500001
NGGGN	-5.448125	0.9199858755625
ATGGN	-5.3775	0.9279661015
CTGGN	-5.1975	0.94830508475
GTGGN	-5.26	0.9412429374999999
TTGGN	-5.5200000000000005	0.91186440675
NTGGN	-5.33875	0.9323446326250001
ANGGN	-5.504999999999999	0.9135593220000001
CNGGN	-5.33	0.9333333333124999
GNGGN	-5.3774999999999995	0.9279661015624999
TNGGN	-5.454375000000001	0.9192796609375002
NNGGN	-5.416718750000002	0.9235346044531249
AATGN	-7.8875	0.6443502827500001
CATGN	-6.9075	0.7550847454999999
GATGN	-7.35	0.70508474575
TATGN	-6.834999999999999	0.7632768360000001
NATGN	-7.244999999999999	0.7169491525
ACTGN	-6.914999999999999	0.7542372880000001
CCTGN	-6.84	0.76271186425
GCTGN	-6.74	0.77401129925
TCTGN	-6.8225	0.7646892655
NCTGN	-6.829375	0.7639124292499998
AGTGN	-7.04	0.74011299425
CGTGN	-6.727499999999999	0.77542372875
GGTGN	-6.94	0.75141242925
TGTGN	-6.62	0.7875706214999999
NGTGN	-6.831874999999999	0.7636299434374999
ATTGN	-7.425000000000001	0.6966101695
CTTGN	-7.265000000000001	0.7146892654999999
GTTGN	-7.0175	0.7426553672499999
TTTGN	-7.7175	0.663559322
NTTGN	-7.356249999999999	0.7043785310625
ANTGN	-7.316875	0.7088276836249999
CNTGN	-6.935	0.751977401
GNTGN	-7.011874999999999	0.743290960375
TNTGN	-6.998749999999999	0.7447740112499999
NNTGN	-7.0656250000000025	0.7372175140625
AANGN	-7.2768749999999995	0.7133474577500001
CANGN	-6.347500000000001	0.8183615818125
GANGN	-6.598124999999999	0.7900423728749999
TANGN	-6.3075	0.8228813558125001
NANGN	-6.6324999999999985	0.7861581920625003
ACNGN	-6.115625	0.8445621467500001
CCNGN	-5.951249999999999	0.8631355931250002
GCNGN	-5.93375	0.8651129943125
TCNGN	-5.9868749999999995	0.8591101694375
NCNGN	-5.996875000000003	0.85798022590625
AGNGN	-6.208124999999999	0.8341101693749998
CGNGN	-6.048125	0.8521892654374998
GGNGN	-6.196874999999999	0.8353813558125
TGNGN	-6.021875	0.8551553671875001
NGNGN	-6.118750000000001	0.8442090394531253
ATNGN	-6.307499999999998	0.8228813558125001
CTNGN	-6.119374999999999	0.8441384179375
GTNGN	-6.0687500000000005	0.849858756875
TTNGN	-6.355625	0.8174435028125
NTNGN	-6.212812500000002	0.8335805083593752
ANNGN	-6.477031250000001	0.803725282421875
CNNGN	-6.1165625000000015	0.8444562145781254
GNNGN	-6.199375000000003	0.8350988699687504
TNNGN	-6.167968749999998	0.8386475988125001
NNNGN	-6.240234374999997	0.8304819914453122
AAATN	-10.07	0.397740113
CAATN	-8.1125	0.61892655375
GAATN	-9.015	0.51694915225
TAATN	-7.9475	0.63757062175
NAATN	-8.786249999999999	0.5427966101875
ACATN	-7.6875	0.6669491525
CCATN	-6.925	0.7531073447500001
GCATN	-7.047499999999999	0.7392655365
TCATN	-7.32	0.70847457625
NCATN	-7.245	0.7169491524999999
AGATN	-8.2325	0.6053672317500001
CGATN	-7.59	0.6779661017499999
GGATN	-7.805	0.6536723165
TGATN	-7.620000000000001	0.6745762710000001
NGATN	-7.811875000000001	0.65289548025
ATATN	-7.3149999999999995	0.709039548
CTATN	-7.175000000000001	0.7248587572500002
GTATN	-6.9975000000000005	0.7449152539999999
TTATN	-7.075	0.73615819175
NTATN	-7.140625000000001	0.7287429377499999
ANATN	-8.32625	0.5947740113125
CNATN	-7.450625	0.6937146893749999
GNATN	-7.7162500000000005	0.6637005648125001
TNATN	-7.4906250000000005	0.6891949151875
NNATN	-7.745937499999998	0.6603460451718753
AACTN	-6.2875	0.825141243
CACTN	-5.59	0.9039548022499999
GACTN	-5.86	0.8734463277500001
TACTN	-5.6525	0.8968926555
NACTN	-5.847500000000001	0.8748587571250002
ACCTN	-5.965000000000001	0.861581921
CCCTN	-5.5775	0.9053672317499999
GCCTN	-5.635	0.8988700565000001
TCCTN	-5.6850000000000005	0.893220339
NCCTN	-5.715625	0.8897598870625
AGCTN	-5.7475000000000005	0.8861581919999999
CGCTN	-5.4025	0.92514124275
GGCTN	-5.65	0.89717514125
TGCTN	-5.5175	0.9121468925
NGCTN	-5.579375	0.9051553671250001
ATCTN	-5.9825	0.85960451975
CTCTN	-5.6425	0.8980225987500001
GTCTN	-5.5875	0.9042372882499999
TTCTN	-5.9175	0.86694915275
NTCTN	-5.782500000000001	0.882203389875
ANCTN	-5.9956249999999995	0.8581214689375001
CNCTN	-5.553125	0.908121468875
GNCTN	-5.6831249999999995	0.8934322034375
TNCTN	-5.693124999999999	0.8923022599375001
NNCTN	-5.7312499999999975	0.8879943502968752
AAGTN	-6.395	0.8129943504999999
CAGTN	-5.529999999999999	0.9107344632500001
GAGTN	-5.859999999999999	0.87344632775
TAGTN	-5.605	0.9022598869999999
NAGTN	-5.847500000000001	0.874858757125
ACGTN	-5.4375	0.9211864404999999
CCGTN	-5.305000000000001	0.9361581920000001
GCGTN	-5.2175	0.9460451975
TCGTN	-5.2875	0.9381355932500001
NCGTN	-5.311875	0.9353813558124999
AGGTN	-5.855	0.8740112995000001
CGGTN	-5.4475	0.92005649725
GGGTN	-5.6525	0.8968926555
TGGTN	-5.654999999999999	0.89661016975
NGGTN	-5.6525	0.8968926555000002
ATGTN	-5.6675	0.89519774
CTGTN	-5.53	0.9107344632500001
GTGTN	-5.2825	0.938700565
TTGTN	-5.609999999999999	0.90169491525
NTGTN	-5.522499999999999	0.911581920875
ANGTN	-5.83875	0.875847457625
CNGTN	-5.453125	0.9194209039375001
GNGTN	-5.503125	0.9137711864374998
TNGTN	-5.539375	0.9096751413125
NNGTN	-5.583593750000001	0.9046786723281252
AATTN	-10.415	0.358757062
CATTN	-8.44	0.581920904
GATTN	-8.3025	0.5974576272500001
TATTN	-7.987500000000001	0.6330508475
NATTN	-8.786249999999999	0.5427966101875
ACTTN	-9.035	0.5146892655
CCTTN	-8.030000000000001	0.6282485875
GCTTN	-7.9175	0.6409604520000001
TCTTN	-8.0475	0.6262711865
NCTTN	-8.2575	0.6025423728749999
AGTTN	-8.4675	0.57881355925
CGTTN	-7.8	0.65423728825
GGTTN	-8.225	0.60621468925
TGTTN	-7.735	0.661581921
NGTTN	-8.056875	0.6252118644375
ATTTN	-9.5975	0.45112994349999996
CTTTN	-9.040000000000001	0.514124294
GTTTN	-8.3675	0.5901129945
TTTTN	-9.225	0.49322033875000004
NTTTN	-9.057500000000001	0.5121468926875
ANTTN	-9.37875	0.4758474575625
CNTTN	-8.3275	0.5946327684375001
GNTTN	-8.203125000000002	0.60868644075
TNTTN	-8.248750000000001	0.6035310734375001
NNTTN	-8.539531249999998	0.5706744350468748
AANTN	-8.291875	0.5986581921249999
CANTN	-6.918125000000001	0.7538841808125
GANTN	-7.259375	0.7153248587500001
TANTN	-6.798125000000001	0.7674435029375001
NANTN	-7.316875	0.7088276836562498
ACNTN	-7.031250000000001	0.741101694875
CCNTN	-6.459375	0.8057203389999998
GCNTN	-6.454375000000001	0.806285310625
TCNTN	-6.584999999999999	0.7915254237500001
NCNTN	-6.632499999999998	0.7861581920625001
AGNTN	-7.0756250000000005	0.736087570625
CGNTN	-6.5600000000000005	0.7943502825000001
GGNTN	-6.833124999999999	0.7634887006250001
TGNTN	-6.631874999999999	0.7862288135625002
NGNTN	-6.77515625	0.7700388418281251
ATNTN	-7.140625	0.7287429378125
CTNTN	-6.846875000000002	0.7619350283125002
GTNTN	-6.55875	0.7944915254374999
TTNTN	-6.956875	0.749505649625
NTNTN	-6.87578125	0.7586687852968753
ANNTN	-7.384843749999997	0.701147598859375
CNNTN	-6.696093749999998	0.77897245765625
GNNTN	-6.77640625	0.7698975988593754
TNNTN	-6.742968750000002	0.77367584746875
NNNTN	-6.900078125000001	0.7559233757109375
AAANN	-9.591875	0.4517655366875001
CAANN	-8.146875	0.6150423729375
GAANN	-8.548124999999999	0.56970338975
TAANN	-7.87125	0.6461864408125
NAANN	-8.539531249999998	0.5706744350468751
ACANN	-7.2768749999999995	0.7133474575624998
CCANN	-6.904999999999999	0.7553672315000001
GCANN	-6.98375	0.7464689265625
TCANN	-7.096875	0.733686440625
NCANN	-7.065625000000001	0.7372175140625
AGANN	-7.738125	0.6612288135625001
CGANN	-7.551874999999999	0.6822740113124999
GGANN	-7.638125000000001	0.672528248625
TGANN	-7.411875	0.6980932203749999
NGANN	-7.585000000000001	0.6785310734687503
ATANN	-7.199999999999999	0.7220338981875001
CTANN	-7.064375	0.7373587571250001
GTANN	-6.958749999999998	0.7492937851874998
TTANN	-7.09875	0.7334745761874999
NTANN	-7.0804687500000005	0.7355402541718752
ANANN	-7.951718749999999	0.6370939265
CNANN	-7.417031250000001	0.6975105932187502
GNANN	-7.532187500000002	0.6844985875312503
TNANN	-7.3696875	0.7028601695000004
NNANN	-7.567656250000004	0.6804908191874998
AACNN	-5.983750000000001	0.859463277
CACNN	-5.363125	0.9295903954375001
GACNN	-5.620625	0.9004943503125001
TACNN	-5.366875000000001	0.9291666665625001
NACNN	-5.5835937499999995	0.9046786723281252
ACCNN	-5.586249999999999	0.9043785310000001
CCCNN	-5.336874999999999	0.932556497125
GCCNN	-5.352499999999999	0.9307909603125
TCCNN	-5.391249999999999	0.926412429375
NCCNN	-5.416718750000001	0.9235346044531254
AGCNN	-5.525	0.9112994349375001
CGCNN	-5.1	0.9593220337499999
GGCNN	-5.339374999999999	0.9322740111875001
TGCNN	-5.1362499999999995	0.9552259885625
NGCNN	-5.275156250000001	0.9395303671093751
ATCNN	-5.674999999999999	0.894350282375
CTCNN	-5.355625	0.9304378528749999
GTCNN	-5.369999999999999	0.9288135592499999
TTCNN	-5.573124999999999	0.905861581875
NTCNN	-5.493437499999998	0.9148658190937506
ANCNN	-5.692499999999999	0.8923728813281251
CNCNN	-5.288906249999998	0.9379766947968754
GNCNN	-5.420625000000003	0.9230932202656252
TNCNN	-5.3668749999999985	0.9291666665937505
NNCNN	-5.442226562499999	0.9206523657460929
AAGNN	-6.101875000000001	0.8461158193125001
CAGNN	-5.558125	0.9075564971875001
GAGNN	-5.761875	0.8845338983124998
TAGNN	-5.503124999999999	0.9137711863750001
NAGNN	-5.731249999999999	0.887994350296875
ACGNN	-5.290625	0.93778248575
CCGNN	-5.093124999999999	0.9600988699375
GCGNN	-5.140000000000001	0.9548022597499998
TCGNN	-5.142499999999999	0.9545197738750001
NCGNN	-5.166562500000001	0.9518008473281252
AGGNN	-5.5456249999999985	0.9089689265
CGGNN	-5.420625	0.9230932201875
GGGNN	-5.455	0.9192090395
TGGNN	-5.556874999999999	0.9076977400625001
NGGNN	-5.49453125	0.9147422315625
ATGNN	-5.464999999999999	0.9180790959375
CTGNN	-5.28125	0.9388418078125
GTGNN	-5.237499999999999	0.9437853106249998
TTGNN	-5.5225	0.9115819208125
NTGNN	-5.376562500000002	0.9280720337968753
ANGNN	-5.600781250000002	0.902736581875
CNGNN	-5.33828125	0.9323975987812503
GNGNN	-5.39859375	0.9255826270468754
TNGNN	-5.43125	0.9218926552812495
NNGNN	-5.442226562500002	0.9206523657460934
AATNN	-8.575625	0.5665960453124999
CATNN	-7.505	0.687570621375
GATNN	-7.669999999999999	0.6689265536875001
TATNN	-7.233125	0.7182909603125001
NATNN	-7.745937499999999	0.6603460451718749
ACTNN	-7.623749999999999	0.6741525423125
CCTNN	-7.2225	0.7194915253124999
GCTNN	-7.193125	0.7228107344375001
TCTNN	-7.20875	0.7210451976875
NCTNN	-7.312031250000001	0.7093749999375001
AGTNN	-7.599375	0.676906779625
CGTNN	-7.1225	0.7307909604375
GGTNN	-7.459375	0.692725988625
TGTNN	-7.080625000000001	0.7355225988125002
NGTNN	-7.315468749999998	0.7089865818750003
ATTNN	-8.136875	0.6161723165
CTTNN	-7.835624999999999	0.6502118645000001
GTTNN	-7.5562499999999995	0.6817796610624999
TTTNN	-8.06	0.624858757
NTTNN	-7.8971875	0.6432556497656247
ANTNN	-7.9839062499999995	0.6334569209375
CNTNN	-7.421406249999999	0.6970162429062501
GNTNN	-7.469687500000003	0.6915607344531252
TNTNN	-7.395624999999997	0.6999293784531249
NNTNN	-7.567656249999999	0.6804908191874998
AANNN	-7.5632812499999975	0.6809851695781249
CANNN	-6.643281249999998	0.7849399717343751
GANNN	-6.900156250000002	0.7559145480156251
TANNN	-6.4935937500000005	0.8018538135156249
NANNN	-6.900078125000002	0.7559233757109374
ACNNN	-6.444375000000003	0.8074152541562499
CCNNN	-6.139375000000001	0.8418785309687505
GCNNN	-6.167343750000001	0.8387182202656253
TCNNN	-6.209843749999998	0.8339159603906251
NCNNN	-6.240234375000001	0.8304819914453115
AGNNN	-6.60203125	0.7896009886562503
CGNNN	-6.298749999999998	0.8238700564218753
GGNNN	-6.4729687500000015	0.8041843219843754
TGNNN	-6.2964062499999995	0.824134886953125
NGNNN	-6.417539062499998	0.8104475635039055
ATNNN	-6.619218749999998	0.78765889825
CTNNN	-6.384218750000002	0.8142125705781251
GTNNN	-6.280625000000001	0.8259180790312504
TTNNN	-6.563593750000001	0.7939442089687503
NTNNN	-6.461914062500004	0.8054334392070309
ANNNN	-6.807226562500001	0.7664150776601558
CNNNN	-6.366406249999998	0.8162252824257807
GNNNN	-6.4552734375000025	0.806183792324218
TNNNN	-6.3908593750000025	0.8134622174570306
NNNNN	-6.504941406250012	0.8005715924667977
